status,title,year,rating_key,existing_tmdb_id,candidate_tmdb_id,candidate_title,confidence,notes
matched,"1,000 Convicts and a Woman",1971,36435,120894,,,,
matched,2 Fast 2 Furious,2003,39350,584,,,,
matched,2 or 3 Things I Know About Her,1967,42841,8074,,,,
matched,3 Idiots,2009,31432,20453,,,,
matched,3 Women,1977,38442,41662,,,,
matched,4 Little Girls,1997,52076,26580,,,,
matched,"4 Months, 3 Weeks and 2 Days",2007,46836,2009,,,,
matched,The 4:30 Movie,2024,54693,1146556,,,,
matched,The 4th Man,1983,40736,29140,,,,
matched,5 Broken Cameras,2011,52382,84170,,,,
matched,"The 5,000 Fingers of Dr. T.",1953,42058,33743,,,,
matched,8 Mile,2002,40771,65,,,,
matched,8½,1963,38374,422,,,,
matched,9/11,2002,52300,11304,,,,
matched,10 Cloverfield Lane,2016,44997,333371,,,,
matched,10 Dance,2025,55831,1400032,,,,
matched,10 Things I Hate About You,1999,40105,4951,,,,
matched,12 Angry Men,1957,31009,389,,,,
matched,12 Years a Slave,2013,31213,76203,,,,
matched,12th Fail,2023,30779,1163258,,,,
matched,13 Going on 30,2004,46491,10096,,,,
matched,13th,2016,52414,407806,,,,
matched,15 Minutes,2001,53811,2749,,,,
matched,20 Days in Mariupol,2023,52390,1058616,,,,
matched,20th Century Women,2016,45357,342737,,,,
matched,21 Jump Street,2012,42693,64688,,,,
matched,22 Jump Street,2014,45729,187017,,,,
matched,27 Dresses,2008,40848,6557,,,,
matched,28 Days Later,2002,39618,170,,,,
matched,28 Years Later,2025,43966,1100988,,,,
matched,The 36th Chamber of Shaolin,1978,40350,11841,,,,
matched,The 39 Steps,1935,47278,260,,,,
matched,The 40-Year-Old Virgin,2005,45211,6957,,,,
matched,42nd Street,1933,39266,3062,,,,
matched,50 First Dates,2004,43661,1824,,,,
matched,50 Years of Star Trek,2016,40544,411500,,,,
matched,LA 92,2017,52323,450875,,,,
matched,99 Homes,2014,45310,283235,,,,
matched,99 Women,1969,37125,28277,,,,
matched,100 Nights of Hero,2025,55830,1354518,,,,
matched,300,2007,46293,1271,,,,
matched,The 400 Blows,1959,38748,147,,,,
matched,500 Days of Summer,2009,43767,19913,,,,
matched,1001 Nights,1998,47650,42067,,,,
matched,1900,1976,40636,3870,,,,
matched,1917,2019,29168,530915,,,,
matched,1941,1979,40231,11519,,,,
matched,2000 Meters to Andriivka,2025,52419,1400789,,,,
matched,2001: A Space Odyssey,1968,31039,62,,,,
matched,2010: The Year We Make Contact,1984,29465,4437,,,,
matched,À Nous la Liberté,1931,55928,31514,,,,
matched,The ABC of Love and Sex: Australia Style,1978,36391,83878,,,,
matched,Abigail Leslie Is Back in Town,,37123,82135,,,,
matched,About Elly,2009,38645,37181,,,,
matched,About My Father,2023,54056,829051,,,,
matched,About Time,2013,47399,122906,,,,
matched,Accident Man,2018,36790,455236,,,,
matched,Accident Man: Hitman's Holiday,2022,37316,879444,,,,
matched,The Accountant,2016,31757,302946,,,,
matched,The Accountant 2,2025,31583,870028,,,,
matched,The Accursed,1957,41495,186408,,,,
matched,The Accused,1988,41849,10868,,,,
matched,Ace in the Hole,1951,38912,25364,,,,
matched,The Acid Eaters,1968,36401,88580,,,,
matched,The Act of Killing,2012,52369,123678,,,,
matched,Act of Vengeance,1974,31833,66765,,,,
matched,Action of the Tiger,1957,53691,44870,,,,
matched,An Actor's Revenge,1963,42838,27197,,,,
matched,Acts of Vengeance,2017,41508,445954,,,,
matched,Adam's Rib,1949,47377,25431,,,,
matched,The Addams Family,1991,43192,2907,,,,
matched,The Addiction,1995,41619,34996,,,,
matched,Adieu Galaxy Express 999,1981,47914,59717,,,,
matched,The Adult Version of Jekyll & Hide,,37307,92776,,,,
matched,The Adventures of Baron Munchausen,1988,45986,14506,,,,
matched,The Adventures of Barry McKenzie,1972,37233,24084,,,,
matched,The Adventures of Greyfriars Bobby,2005,40692,73772,,,,
matched,The Adventures of Prince Achmed,1926,40742,19354,,,,
matched,The Adventures of Robin Hood,1938,43542,10907,,,,
matched,The Adventures of Young Indiana Jones: Adventures in the Secret Service,1999,41105,222055,,,,
matched,Adventures of Zatoichi,1964,25346,54272,,,,
matched,Aeon Flux,2005,31827,8202,,,,
matched,An Affair to Remember,1957,42535,8356,,,,
matched,The African Queen,1951,47575,488,,,,
matched,After Hours,1985,41205,10843,,,,
matched,After Life,1998,38529,17962,,,,
matched,Afterburn,2025,37089,507244,,,,
matched,Aftersun,2022,47869,965150,,,,
matched,The Age of Spin: Dave Chappelle Live at the Hollywood Palladium,2017,48146,444705,,,,
matched,"Aguirre, the Wrath of God",1972,44689,2000,,,,
matched,Ah! My Goddess: The Movie,2000,39005,21174,,,,
matched,Airplane!,1980,43842,813,,,,
matched,Airport '77,1977,40546,7227,,,,
matched,The Alabama Solution,2025,52252,1413805,,,,
matched,Aladdin,1992,47161,812,,,,
matched,Aladdin,2019,47087,420817,,,,
matched,Alarum,2025,54388,1249289,,,,
matched,The Alcove,1985,37274,50433,,,,
matched,Alex Edelman: Just for Us,2024,47639,1255883,,,,
matched,Alexander the Great,1956,40334,42668,,,,
matched,Ali: Fear Eats the Soul,1974,38397,216,,,,
matched,Alice in the Cities,1974,42789,2204,,,,
matched,Alice in Wonderland,1951,40901,12092,,,,
matched,Alice in Wonderland,2010,43973,12155,,,,
matched,"Alice, Sweet Alice",1976,46781,23761,,,,
matched,Alien,1979,20947,348,,,,
matched,Alien vs. Predator,2004,21023,395,,,,
matched,Alien: Covenant,2017,20958,126889,,,,
matched,Alien: Resurrection,1997,20982,8078,,,,
matched,Alien: Romulus,2024,20977,945961,,,,
matched,Alien³,1992,20985,8077,,,,
matched,Aliens,1986,22054,679,,,,
matched,Aliens vs. Predator: Requiem,2007,22055,440,,,,
matched,Alita: Battle Angel,2019,36508,399579,,,,
matched,All About Eve,1950,30794,705,,,,
matched,All About Lily Chou-Chou,2001,38292,16664,,,,
matched,All About My Mother,1999,38627,99,,,,
matched,All Monsters Attack,1969,25491,39462,,,,
matched,All Quiet on the Western Front,1930,38622,143,,,,
matched,All Quiet on the Western Front,2022,45308,49046,,,,
matched,All That Heaven Allows,1955,44806,43316,,,,
matched,All That Jazz,1979,38251,16858,,,,
matched,All the Beauty and the Bloodshed,2022,52405,1004663,,,,
matched,All the Colours of the Dark,1972,40732,30901,,,,
matched,...All the Marbles,1981,36903,30709,,,,
matched,All the President's Men,1976,38417,891,,,,
matched,All Through the Night,1942,46784,37036,,,,
matched,All-Star Superman,2011,28097,56590,,,,
matched,Almost Famous,2000,44918,786,,,,
matched,Aloha,2015,51560,222936,,,,
matched,Alphaville,1965,43484,8072,,,,
matched,The Alto Knights,2025,53793,1013601,,,,
matched,Alucarda,1977,40485,40074,,,,
matched,Alvin and the Chipmunks,2007,44398,6477,,,,
matched,Alvin Purple,1973,37238,33057,,,,
matched,Alvin Rides Again,1974,37104,35000,,,,
matched,Amadeus,1984,31322,279,,,,
matched,Amarcord,1973,46614,7857,,,,
matched,Amazing Grace,2018,52223,356199,,,,
matched,The Amazing Spider-Man,2012,24708,1930,,,,
matched,The Amazing Spider-Man 2,2014,24679,102382,,,,
matched,Amazon Jail,1982,37232,80785,,,,
matched,Amélie,2001,30908,194,,,,
matched,American Assassin,2017,31987,415842,,,,
matched,American Beauty,1999,29008,14,,,,
matched,The American Friend,1977,46985,11222,,,,
matched,American Graffiti,1973,45760,838,,,,
matched,American History X,1998,31503,73,,,,
matched,American Hustle,2013,54150,168672,,,,
matched,An American in Paris,1951,46271,2769,,,,
matched,American Mary,2012,43454,126277,,,,
matched,American Movie,1999,52324,14242,,,,
matched,American Pastoral,2016,55372,326285,,,,
matched,American Psycho,2000,46843,1359,,,,
matched,American Psycho II: All American Girl,2002,43989,10726,,,,
matched,An American Werewolf in London,1981,43413,814,,,,
matched,Amores Perros,2000,38500,55,,,,
matched,Amour,2012,38860,86837,,,,
matched,Amsterdam,2022,51709,664469,,,,
matched,Amy,2015,52259,331781,,,,
matched,Analyze That,2002,53884,9932,,,,
matched,Analyze This,1999,54217,9535,,,,
matched,Anatomy of a Fall,2023,42644,915935,,,,
matched,Anatomy of a Murder,1959,38944,93,,,,
matched,Anchorman: The Legend of Ron Burgundy,2004,41629,8699,,,,
matched,And Soon the Darkness,2010,40573,33107,,,,
matched,Andrei Rublev,1966,38242,895,,,,
matched,Anemone: Eureka Seven Hi-Evolution,2018,47693,550080,,,,
matched,Angel,1984,41481,1803,,,,
matched,Angel Face,1952,45977,1938,,,,
matched,Angel Heart,1987,47571,635,,,,
matched,Angels with Dirty Faces,1938,44837,13696,,,,
matched,Angels' Wild Women,1972,37208,89146,,,,
matched,Anima,2019,42609,610120,,,,
matched,Animal Farm,1954,46147,11848,,,,
matched,"Anita, Swedish Nymphet",1973,37268,47397,,,,
matched,Anna,2019,37003,484641,,,,
matched,Anna Karenina,2012,44920,96724,,,,
matched,Annie Hall,1977,41393,703,,,,
matched,Annihilation,2018,42272,300668,,,,
matched,Anomalisa,2015,43850,291270,,,,
matched,Anora,2024,45231,1064213,,,,
matched,"Another Day, Another Man",1966,37249,124031,,,,
matched,Another Round,2020,47355,580175,,,,
matched,Ant-Man,2015,25152,102899,,,,
matched,Ant-Man and the Wasp,2018,24963,363088,,,,
matched,Ant-Man and the Wasp: Quantumania,2023,24294,640146,,,,
matched,Antichrist,2009,37097,17609,,,,
matched,Antoine and Colette,1962,41492,256,,,,
matched,Anyone But You,2023,47063,1072790,,,,
matched,Anything That Moves,2025,46387,1457400,,,,
matched,Aparajito,1956,38998,897,,,,
matched,The Apartment,1960,31158,284,,,,
matched,Apartment 7A,2024,40438,807339,,,,
matched,Apex,2026,30458,1318447,,,,
matched,Apocalypse Now,1979,31476,28,,,,
matched,Apollo 11,2019,52235,549559,,,,
matched,"Apolonia, Apolonia",2022,52339,1047128,,,,
matched,Appleseed,1988,48006,45295,,,,
matched,Appleseed,2004,48047,11633,,,,
matched,Appleseed Alpha,2014,41165,269650,,,,
matched,Appleseed: Ex Machina,2007,47136,13981,,,,
matched,Aquaman,2018,37788,297802,,,,
matched,Aquaman and the Lost Kingdom,2023,36841,572802,,,,
matched,Arabian Adventure,1979,41291,82430,,,,
matched,Aragne: Sign of Vermillion,2018,47968,536108,,,,
matched,Arcane Sorcerer,1996,45083,59857,,,,
matched,Arco,2025,52898,804370,,,,
matched,The Arena,1974,37167,29039,,,,
matched,Armor,2024,54376,1182387,,,,
matched,Army of Darkness,1992,30145,766,,,,
matched,Army of Shadows,1969,38656,15383,,,,
matched,Arrival,2016,38544,329865,,,,
matched,Artists and Models,1955,44801,43317,,,,
matched,As I Was Moving Ahead Occasionally I Saw Brief Glimpses of Beauty,2000,51912,130824,,,,
matched,The Ascent,1977,38275,50183,,,,
matched,Ashes and Diamonds,1958,40224,5055,,,,
matched,The Asphalt Jungle,1950,43427,16958,,,,
matched,The Assassination of Jesse James by the Coward Robert Ford,2007,44363,4512,,,,
matched,Assault on Precinct 13,1976,45755,17814,,,,
matched,Asteroid City,2023,42217,747188,,,,
matched,At Eternity's Gate,2018,43162,491472,,,,
matched,Atlantic City,1980,43577,23954,,,,
matched,Atomic Blonde,2017,31777,341013,,,,
matched,Atonement,2007,39471,4347,,,,
matched,Attack on Titan,2015,37685,295830,,,,
matched,Attack on Titan II: End of the World,2015,36684,340382,,,,
matched,Attack on Titan: THE LAST ATTACK,2024,29138,1333100,,,,
matched,Au Hasard Balthazar,1966,44364,20108,,,,
matched,Au Revoir les Enfants,1987,38939,1786,,,,
matched,An Audience with Adele,2021,47985,901047,,,,
matched,Audition,1999,44691,11075,,,,
matched,Audrey's Children,2025,51940,1003083,,,,
matched,The Automat,2021,45967,729830,,,,
matched,Autopsy,1975,40482,96167,,,,
matched,The Autopsy of Jane Doe,2016,43803,397243,,,,
matched,An Autumn Afternoon,1962,38806,50759,,,,
matched,Autumn Sonata,1978,31205,12761,,,,
matched,Avatar,2009,30160,19995,,,,
matched,Avatar: Fire and Ash,2025,30429,83533,,,,
matched,Avatar: The Way of Water,2022,29762,76600,,,,
matched,The Avengers,1998,53699,9320,,,,
matched,The Avengers,2012,24076,24428,,,,
matched,Avengers: Age of Ultron,2015,24586,99861,,,,
matched,Avengers: Endgame,2019,24354,299534,,,,
matched,Avengers: Infinity War,2018,24476,299536,,,,
matched,Awakenings,1990,54215,11005,,,,
matched,Away,2019,43414,597398,,,,
matched,The Awful Truth,1937,45655,14675,,,,
matched,Azur & Asmar: The Princes' Quest,2006,38814,19026,,,,
matched,The Baader Meinhof Complex,2008,41374,6968,,,,
matched,The Babadook,2014,42590,242224,,,,
matched,Babes in Bagdad,1952,41593,182777,,,,
matched,Baby Blood,1990,41293,40258,,,,
matched,Baby Driver,2017,42346,339403,,,,
matched,Baby Love,1969,37193,26768,,,,
matched,Babygirl,2024,45775,1097549,,,,
matched,Babylon,2022,46661,615777,,,,
matched,Back to the Future,1985,30551,105,,,,
matched,Back to the Future Part II,1989,29735,165,,,,
matched,Back to the Future Part III,1990,30141,196,,,,
matched,Backdraft,1991,54021,2924,,,,
matched,Backrooms,2026,25227,1083381,,,,
matched,The Bad and the Beautiful,1952,42248,32499,,,,
matched,Bad Boy Bubby,1993,40836,14135,,,,
matched,Bad Day at Black Rock,1955,41799,14554,,,,
matched,Bad Girls Dormitory,1986,37236,40076,,,,
matched,Bad Girls Go to Hell,1965,37171,42732,,,,
matched,Bad Guy,2001,40905,25649,,,,
matched,Bad Influence,1990,45064,24249,,,,
matched,Bad Lieutenant,1992,41820,12143,,,,
matched,Badlands,1973,40313,3133,,,,
matched,The Baker's Wife,1938,45168,43844,,,,
matched,The Ballad of Buster Scruggs,2018,39216,537996,,,,
matched,The Ballad of Wallis Island,2025,52873,1122099,,,,
matched,Baltic Tribes,2018,40975,524783,,,,
matched,La Bamba,1987,47299,16620,,,,
matched,Bambi,1942,45711,3170,,,,
matched,The Band Wagon,1953,46945,29376,,,,
matched,Bang the Drum Slowly,1973,53763,42459,,,,
matched,The Bank Dick,1940,45727,911,,,,
matched,The Banshees of Inisherin,2022,42631,674324,,,,
matched,Baraka,1992,52383,14002,,,,
matched,Barb and Star Go to Vista Del Mar,2021,45422,595813,,,,
matched,Barbarian,2022,36685,913290,,,,
matched,Barbarian Queen,1985,45813,29903,,,,
matched,Barbed Wire Dolls,1976,29446,28691,,,,
matched,Barbie,2023,40679,346698,,,,
matched,"BARDO, False Chronicle of a Handful of Truths",2022,44761,685691,,,,
matched,The Barefoot Contessa,1954,39280,34689,,,,
matched,Barefoot Gen,1983,47682,14087,,,,
matched,Barefoot Gen 2,1986,46175,14088,,,,
matched,Barely Legal,2003,36657,15276,,,,
matched,Barfly,1987,40718,10937,,,,
matched,The Barkley Marathons: The Race That Eats Its Young,2014,52183,334495,,,,
matched,Barry,2016,51694,397717,,,,
matched,Barry Lyndon,1975,31157,3175,,,,
matched,Barry McKenzie Holds His Own,1974,37211,24085,,,,
matched,Basic Instinct,1992,40170,402,,,,
matched,The Bat Woman,1968,44712,106904,,,,
matched,Batman,1989,25980,268,,,,
matched,The Batman,2022,25981,414906,,,,
matched,Batman & Robin,1997,26071,415,,,,
matched,Batman and Harley Quinn,2017,37051,408648,,,,
matched,Batman and Superman: Battle of the Super Sons,2022,36601,886396,,,,
matched,Batman Begins,2005,25591,272,,,,
matched,Batman Forever,1995,25872,414,,,,
matched,Batman Ninja,2018,25975,485942,,,,
matched,Batman Returns,1992,25873,364,,,,
matched,Batman v Superman: Dawn of Justice,2016,25908,209112,,,,
matched,Batman vs. Robin,2015,26066,321528,,,,
matched,Batman: Assault on Arkham,2014,28270,242643,,,,
matched,Batman: Bad Blood,2016,26065,366924,,,,
matched,Batman: Death in the Family,2020,40837,618353,,,,
matched,Batman: Gotham by Gaslight,2018,28266,471474,,,,
matched,Batman: Hush,2019,26075,537056,,,,
matched,"Batman: The Dark Knight Returns, Part 1",2012,28081,123025,,,,
matched,"Batman: The Dark Knight Returns, Part 2",2013,28083,142061,,,,
matched,Batman: The Killing Joke,2016,28090,382322,,,,
matched,Batman: The Movie,1966,25937,2661,,,,
matched,Batman: Under the Red Hood,2010,28131,40662,,,,
matched,Batman: Year One,2011,28118,69735,,,,
matched,The Battle of Algiers,1966,31098,17295,,,,
matched,The Battle of Chile: Part I,1975,52377,132144,,,,
matched,The Battle of Chile: Part II,1976,52408,132148,,,,
matched,Battle of the Sexes,2017,51602,369192,,,,
matched,Battleship Potemkin,1925,40279,643,,,,
matched,The Beach Girls,1982,37209,54803,,,,
matched,The Beaches of Agnès,2008,52410,38879,,,,
matched,Bear Island,1979,41525,38629,,,,
matched,Beast in Space,1980,37197,52883,,,,
matched,Beat Girl,1960,37283,43092,,,,
matched,Beat the Devil,1953,43779,22733,,,,
matched,Beau Is Afraid,2023,42940,798286,,,,
matched,Beautiful Boy,2018,42388,451915,,,,
matched,A Beautiful Mind,2001,30712,453,,,,
matched,Beauty and the Beast,1946,39077,648,,,,
matched,Beauty and the Beast,1991,46391,10020,,,,
matched,Beauty and the Beast,2017,42946,321612,,,,
matched,Bed and Board,1970,40851,258,,,,
matched,The Bee Gees: How Can You Mend a Broken Heart,2020,42917,730009,,,,
matched,Bee Movie,2007,39790,5559,,,,
matched,Beetlejuice,1988,40355,4011,,,,
matched,Beetlejuice Beetlejuice,2024,47268,917496,,,,
matched,Before Midnight,2013,29604,132344,,,,
matched,Before Sunrise,1995,31465,76,,,,
matched,Before Sunset,2004,30539,80,,,,
matched,Before the Revolution,1964,42438,42788,,,,
matched,Behind Convent Walls,1978,37246,39340,,,,
matched,Behind the Candelabra,2013,42800,119675,,,,
matched,Being Flynn,2012,53810,78571,,,,
matched,Being There,1979,46197,10322,,,,
matched,Belén,2025,55895,1301844,,,,
matched,Belladonna of Sadness,1973,47767,64847,,,,
matched,Belle de Jour,1967,39298,649,,,,
matched,Ben Platt Live from Radio City Music Hall,2020,48031,699210,,,,
matched,Ben-Hur,1959,30793,665,,,,
matched,Beneath the Valley of the Ultra-Vixens,1979,37178,5157,,,,
matched,Bent,2018,41908,505579,,,,
matched,Berberian Sound Studio,2012,42627,116811,,,,
matched,Best of Enemies,2015,45759,319067,,,,
matched,The Best of Youth,2003,30599,11659,,,,
matched,The Best Years of Our Lives,1946,31038,887,,,,
matched,Better Days,2019,38999,575813,,,,
matched,Better Man,2024,42914,799766,,,,
matched,Better Off Dead,2025,52829,1393071,,,,
matched,The Beyond,1981,41727,19204,,,,
matched,Beyond Mombasa,1956,41739,57603,,,,
matched,Beyond Utopia,2023,52151,1070032,,,,
matched,Bicycle Thieves,1948,31005,5156,,,,
matched,Big Bad Mama,1974,37221,45186,,,,
matched,Big Bad Mama II,1987,36898,86483,,,,
matched,The Big Bird Cage,1972,37120,22910,,,,
matched,A Big Bold Beautiful Journey,2025,51449,1241921,,,,
matched,The Big Doll House,1971,36455,42517,,,,
matched,The Big Heat,1953,40721,14580,,,,
matched,Big Hero 6,2014,46539,177572,,,,
matched,The Big Lebowski,1998,28999,115,,,,
matched,The Big Parade,1925,44273,3060,,,,
matched,The Big Red One,1980,43935,16121,,,,
matched,The Big Short,2015,46748,318846,,,,
matched,The Big Sky,1952,47302,43367,,,,
matched,The Big Sleep,1946,45202,910,,,,
matched,The Big Steppers Tour: Live from Paris,2022,47863,1007028,,,,
matched,Big Tits Zombie,2010,43441,47519,,,,
matched,Big Trouble in Little China,1986,43303,6978,,,,
matched,The Big Wedding,2013,54022,87567,,,,
matched,The Bigamist,1953,40220,74122,,,,
matched,Bigger Than Life,1956,45992,26036,,,,
matched,Bigger! With Brennan and Izzy,2024,47743,1247759,,,,
matched,Bill Burr: I'm Sorry You Feel That Way,2014,47931,308571,,,,
matched,Bill Burr: Let It Go,2010,47649,46967,,,,
matched,Bill Burr: Why Do I Do This?,2008,47959,32836,,,,
matched,Bill Burr: You People Are All the Same.,2012,41196,191489,,,,
matched,Bill Cunningham New York,2010,52127,55244,,,,
matched,Bill Hicks: Relentless,1992,47991,34505,,,,
matched,Bill Hicks: Revelations,1993,47717,25117,,,,
matched,Bill Hicks: Sane Man,1989,47951,14733,,,,
matched,Bille,2018,41771,519421,,,,
matched,Billie Eilish: Hit Me Hard and Soft,2026,48205,1515899,,,,
matched,Billy & Molly: An Otter Love Story,2024,52175,1242387,,,,
matched,Bird Box,2018,44868,405774,,,,
matched,The Bird with the Crystal Plumage,1970,45255,20345,,,,
matched,Birdman or (The Unexpected Virtue of Ignorance),2014,47309,194662,,,,
matched,The Birds,1963,39284,571,,,,
matched,Birds of Prey,2020,40707,495764,,,,
matched,Birth,1984,39004,56069,,,,
matched,The Birth of a Nation,1915,43179,618,,,,
matched,Bison Kaalamaadan,2025,52830,1257957,,,,
matched,The Bitch,1931,47353,26614,,,,
matched,Bitter Lake,2015,52344,321109,,,,
matched,The Bitter Tea of General Yen,1932,47169,34187,,,,
matched,The Bitter Tears of Petra von Kant,1972,46861,10310,,,,
matched,Bitter Victory,1957,41762,68850,,,,
matched,Black Adam,2022,36364,436270,,,,
matched,Black Book,2006,47086,9075,,,,
matched,Black Box,2026,30383,1321008,,,,
matched,Black Box Diaries,2024,52067,1214499,,,,
matched,The Black Cat,1934,41808,24106,,,,
matched,The Black Cat,1981,41531,26503,,,,
matched,Black Cobra,1976,36422,29955,,,,
matched,Black Emanuelle,1975,37186,40348,,,,
matched,Black Emanuelle 2,1976,37266,90119,,,,
matched,"Black God, White Devil",1964,45636,67612,,,,
matched,Black Mama White Mama,1973,37173,28797,,,,
matched,Black Narcissus,1947,43038,16391,,,,
matched,Black Orpheus,1959,43418,40423,,,,
matched,Black Panther,2018,24475,284054,,,,
matched,Black Panther: Wakanda Forever,2022,24295,505642,,,,
matched,The Black Phone,2022,44803,756999,,,,
matched,The Black Power Mixtape 1967-1975,2011,52250,75000,,,,
matched,Black Sabbath,1963,43060,28043,,,,
matched,Black Shampoo,1976,37301,22020,,,,
matched,Black Snake,1973,37111,5656,,,,
matched,The Black Stallion,1979,45292,17264,,,,
matched,Black Sunday,1960,43475,27632,,,,
matched,Black Swan,2010,38589,44214,,,,
matched,Black Velvet,1976,37108,28844,,,,
matched,Black Widow,2021,25558,497698,,,,
matched,Black Woodstock,2021,47741,495644,,,,
matched,The Blackcoat's Daughter,2015,46263,334536,,,,
matched,Blackfish,2013,52070,158999,,,,
matched,BlacKkKlansman,2018,46991,487558,,,,
matched,Blackmail,1929,41309,543,,,,
matched,Blade,1998,24766,36647,,,,
matched,Blade II,2002,24237,36586,,,,
matched,Blade Runner,1982,28962,78,,,,
matched,Blade Runner 2049,2017,29374,335984,,,,
matched,Blade: Trinity,2004,24728,36648,,,,
matched,The Blair Witch Project,1999,42736,2667,,,,
matched,Blast of Silence,1961,47569,32008,,,,
matched,Blaze Starr Goes Nudist,1962,36440,50948,,,,
matched,Blazing Saddles,1974,41921,11072,,,,
matched,Blazing Stewardesses,1975,37805,29418,,,,
matched,Blindspotting,2018,41906,489930,,,,
matched,Blood and Black Lace,1964,41852,28055,,,,
matched,Blood and Lace,1971,32017,85496,,,,
matched,Blood for Dracula,1974,46493,25944,,,,
matched,The Blood of Fu Manchu,1968,41317,3483,,,,
matched,The Blood Spattered Bride,1972,43034,40365,,,,
matched,Blood: The Last Vampire,2000,47958,919,,,,
matched,Blood: The Last Vampire,2009,40161,1450,,,,
matched,BloodRayne,2005,44707,168705,,,,
matched,Bloody Chainsaw Girl,2016,45928,359279,,,,
matched,Bloody Chainsaw Girl Returns: Revenge of Nero,2019,41286,592452,,,,
matched,Blow Out,1981,47596,11644,,,,
matched,Blow-Up,1966,45266,1052,,,,
matched,The Blue Angel,1930,45188,228,,,,
matched,Blue Eyes of the Broken Doll,1974,40185,27392,,,,
matched,Blue Ruin,2013,43006,188166,,,,
matched,Blue Summer,1973,37119,30485,,,,
matched,Blue Velvet,1986,46078,793,,,,
matched,The Bluff,2026,41755,799882,,,,
matched,Bo Burnham: Inside,2021,47817,823754,,,,
matched,Bo Burnham: Make Happy,2016,47877,400608,,,,
matched,Bo Burnham: what.,2013,47980,244001,,,,
matched,Boarding School,1978,36453,68123,,,,
matched,Bob le Flambeur,1956,47121,26030,,,,
matched,Bodies Bodies Bodies,2022,47613,520023,,,,
matched,Body and Soul,1947,45223,17487,,,,
matched,Body Bags,1993,52951,31578,,,,
matched,The Body Beneath,1970,40529,85557,,,,
matched,Body Heat,1981,44357,14412,,,,
matched,Bohemian Rhapsody,2018,43193,424694,,,,
matched,Bolt,2008,44817,13053,,,,
matched,Bombay Waterfront,1952,41441,196147,,,,
matched,Bombshell,2019,51312,525661,,,,
matched,Bone Tomahawk,2015,39092,294963,,,,
matched,Bones and All,2022,47123,791177,,,,
matched,Bonnie and Clyde,1967,43419,475,,,,
matched,Boogie Nights,1997,38859,4995,,,,
matched,Boogie Woogie,2009,41717,36939,,,,
matched,Booksmart,2019,44410,505600,,,,
matched,Das Boot,1981,30277,387,,,,
matched,Borat,2006,39744,496,,,,
matched,Border,2018,45306,517839,,,,
matched,Born to Kill,1947,45814,33813,,,,
matched,Born to Win,1971,53798,21256,,,,
matched,Boruto: Naruto the Movie,2015,42612,347201,,,,
matched,Bottoms,2023,36731,814776,,,,
matched,Boudu Saved from Drowning,1932,41466,48365,,,,
matched,Boulevard,2026,30309,1595852,,,,
matched,The Bourne Identity,2002,28751,2501,,,,
matched,The Bourne Legacy,2012,28796,49040,,,,
matched,The Bourne Supremacy,2004,28764,2502,,,,
matched,The Bourne Ultimatum,2007,28828,2503,,,,
matched,Bowling for Columbine,2002,52232,1430,,,,
matched,Boy,1969,53029,104193,,,,
matched,Boy,2010,40741,39356,,,,
matched,Boy & the World,2014,55944,223706,,,,
matched,The Boy and the Heron,2023,46264,508883,,,,
matched,The Boy in the Striped Pajamas,2008,43126,14574,,,,
matched,"The Boy, the Mole, the Fox and the Horse",2022,47041,995133,,,,
matched,Boyhood,2014,45673,85350,,,,
matched,Boys State,2020,52114,653723,,,,
matched,Brain Damage,1988,46185,27814,,,,
matched,Bram Stoker's Dracula,1992,45504,6114,,,,
matched,Brave,2012,46471,62177,,,,
matched,Braveheart,1995,30994,197,,,,
matched,Brawl in Cell Block 99,2017,42661,398175,,,,
matched,Brazil,1985,45184,68,,,,
matched,The Breadwinner,2026,36740,1440050,,,,
matched,Breakfast at Tiffany's,1961,43960,164,,,,
matched,The Breakfast Club,1985,46416,2108,,,,
matched,Breaking Away,1979,46862,20283,,,,
matched,Breaking the Waves,1996,46216,145,,,,
matched,Breathless,1960,45503,269,,,,
matched,Breathless,1983,41769,1058,,,,
matched,Brewster McCloud,1970,53003,26525,,,,
matched,The Bride,1973,40166,96049,,,,
matched,Bride of Frankenstein,1935,40367,229,,,,
matched,The Brides of Fu Manchu,1966,41812,30972,,,,
matched,Bridesmaids,2011,42259,55721,,,,
matched,Bridge of Spies,2015,39096,296098,,,,
matched,The Bridge on the River Kwai,1957,30271,826,,,,
matched,Bridge to Terabithia,2007,39546,1265,,,,
matched,A Bridge Too Far,1977,53738,5902,,,,
matched,Bridget Jones's Diary,2001,44984,634,,,,
matched,Brief Encounter,1945,38755,851,,,,
matched,A Brighter Summer Day,1991,38263,15804,,,,
matched,Bring Her Back,2025,46606,1151031,,,,
matched,Bring Me the Head of Alfredo Garcia,1974,43535,11942,,,,
matched,Bring Me the Horizon: L.I.V.E. in São Paulo,2026,41472,1621113,,,,
matched,Bringing Up Baby,1938,42625,900,,,,
matched,Broadcast News,1987,46142,12626,,,,
matched,Brokeback Mountain,2005,38469,142,,,,
matched,Broken Blossoms or the Yellow Man and the Girl,1919,46820,899,,,,
matched,A Bronx Tale,1993,38496,1607,,,,
matched,A Brother and 7 Siblings,2025,52838,1310741,,,,
matched,Brother Bear,2003,39352,10009,,,,
matched,Bruce Almighty,2003,42003,310,,,,
matched,The Brunchers,2013,51936,410670,,,,
matched,The Brute,1953,47053,42502,,,,
matched,Brute Force,1947,44155,28297,,,,
matched,BTS Permission to Dance on Stage - Seoul: Live Viewing,2022,38311,939984,,,,
matched,BTS THE COMEBACK LIVE | ARIRANG,2026,47692,1628123,,,,
matched,BTS: Permission to Dance on Stage - LA,2022,47710,1022102,,,,
matched,BTS: Yet to Come in Cinemas,2023,48062,1063453,,,,
matched,The Bubble,2022,47731,765119,,,,
matched,Buena Vista Social Club,1999,52140,11779,,,,
matched,Buffalo '66,1998,41832,9464,,,,
matched,Buffy the Vampire Slayer,1992,44263,10206,,,,
matched,A Bug's Life,1998,47160,9487,,,,
matched,Bugonia,2025,30481,701387,,,,
matched,Building Star Trek,2016,40813,414260,,,,
matched,Bullet Train,2022,46214,718930,,,,
matched,Bummer,1973,37189,89549,,,,
matched,Burden of Dreams,1982,52303,42124,,,,
matched,Burke and Hare,2010,55918,50204,,,,
matched,The Burmese Harp,1956,44771,33319,,,,
matched,Burning,2018,41031,491584,,,,
matched,The Burning Bed,1984,41772,60573,,,,
matched,But I'm a Cheerleader,1999,42026,20770,,,,
matched,Butch and Sundance: The Early Days,1979,41961,37598,,,,
matched,Butch Cassidy and the Sundance Kid,1969,45178,642,,,,
matched,The Butcher,1970,44445,2912,,,,
matched,The Butterfly Effect,2004,47600,1954,,,,
matched,Bye Bye Tiberias,2023,52347,1156646,,,,
matched,Cabaret,1972,41042,10784,,,,
matched,The Cabin in the Woods,2012,43558,22970,,,,
matched,The Cabinet of Dr. Caligari,1920,45948,234,,,,
matched,Caged,1950,43279,29381,,,,
matched,Caged Heat,1974,37250,39775,,,,
matched,Cairo Station,1958,43646,47324,,,,
matched,Caligula,1979,36429,9453,,,,
matched,Caligula: The Untold Story,1982,37214,148850,,,,
matched,Call Me by Your Name,2017,42059,398818,,,,
matched,Calvaire,2004,40195,12517,,,,
matched,Cameraperson,2016,52312,376534,,,,
matched,Camille,1936,39271,43874,,,,
matched,El Camino: A Breaking Bad Movie,2019,42081,559969,,,,
matched,Campus Swingers,1972,36400,36886,,,,
matched,A Candle for the Devil,1973,40183,87495,,,,
matched,Candy Land,2022,40168,826753,,,,
matched,The Cannibal Man,1972,40437,29336,,,,
matched,Cape Fear,1991,37020,1598,,,,
matched,Capernaum,2018,30574,517814,,,,
matched,Captain America II: Death Too Soon,1979,41098,197481,,,,
matched,Captain America: Brave New World,2025,24243,822119,,,,
matched,Captain America: Civil War,2016,25056,271110,,,,
matched,Captain America: The First Avenger,2011,24856,1771,,,,
matched,Captain America: The Winter Soldier,2014,24603,100402,,,,
matched,Captain Blood,1935,42947,16905,,,,
matched,Captain Horatio Hornblower,1951,40459,23928,,,,
matched,Captain Marvel,2019,24419,299537,,,,
matched,Captain Voyeur,1969,52938,445054,,,,
matched,Captains Courageous,1937,40538,16515,,,,
matched,Captive Women 4,1977,36451,89644,,,,
matched,Carandiru,2003,44977,8440,,,,
matched,Caravans,1978,41665,41317,,,,
matched,Carlito's Way,1993,54486,6075,,,,
matched,Carmen Jones,1954,41744,51044,,,,
matched,Carne,1991,41183,1568,,,,
matched,Carrie,1952,43707,43358,,,,
matched,Carrie,1976,45290,7340,,,,
matched,Carry on Abroad,1972,36489,19252,,,,
matched,Carry on Again Doctor,1969,36378,19293,,,,
matched,Carry on at Your Convenience,1971,36394,19297,,,,
matched,Carry on Behind,1975,36408,19300,,,,
matched,Carry on Cabby,1963,36470,19254,,,,
matched,Carry on Camping,1969,36478,19307,,,,
matched,Carry on Cleo,1964,36498,5066,,,,
matched,Carry on Columbus,1992,36506,19725,,,,
matched,Carry on Constable,1960,36407,21240,,,,
matched,Carry on Cowboy,1965,36360,5065,,,,
matched,Carry on Cruising,1962,36467,26190,,,,
matched,Carry on Dick,1974,36484,26327,,,,
matched,Carry on Doctor,1967,36376,5064,,,,
matched,Carry on Don't Lose Your Head,1967,36477,5061,,,,
matched,Carry on Emmannuelle,1978,29447,34743,,,,
matched,Carry on England,1976,36379,21251,,,,
matched,Carry on Follow That Camel,1967,36380,24568,,,,
matched,Carry on Girls,1973,36463,26329,,,,
matched,Carry on Henry VIII,1971,36494,24569,,,,
matched,Carry on Jack,1964,36475,32105,,,,
matched,Carry on Loving,1970,36405,24570,,,,
matched,Carry on Matron,1972,36392,24571,,,,
matched,Carry on Nurse,1959,36496,32107,,,,
matched,Carry on Regardless,1961,36500,32115,,,,
matched,Carry on Screaming!,1966,32013,5060,,,,
matched,Carry on Sergeant,1958,36460,32110,,,,
matched,Carry on Spying,1964,36374,32109,,,,
matched,Carry on Teacher,1959,36472,32113,,,,
matched,Carry on Up the Jungle,1970,36411,17276,,,,
matched,Carry on Up the Khyber,1968,36367,22937,,,,
matched,Carry-On,2024,43136,1005331,,,,
matched,Cars,2006,43450,920,,,,
matched,Cars 2,2011,45997,49013,,,,
matched,Cars 3,2017,47528,260514,,,,
matched,Casablanca,1942,30939,289,,,,
matched,Casanova,2005,51947,9681,,,,
matched,The Case of Hana & Alice,2015,47864,311054,,,,
matched,Casino,1995,31340,524,,,,
matched,Casino Royale,2006,25626,36557,,,,
matched,Cast Away,2000,43702,8358,,,,
matched,The Castle of Fu Manchu,1969,41861,3485,,,,
matched,The Castle of the Living Dead,1964,41696,28592,,,,
matched,Cat People,1942,46143,25508,,,,
matched,The Cat Returns,2002,47730,15370,,,,
matched,Cat Soup,2001,47938,25078,,,,
matched,Catch Me If You Can,2002,31046,640,,,,
matched,Cats Don't Dance,1997,47008,24662,,,,
matched,Catwoman,2011,28139,76420,,,,
matched,Cecilia,1983,36459,90104,,,,
matched,The Celebration,1998,38703,309,,,,
matched,Céline and Julie Go Boating,1974,38484,27019,,,,
matched,Cellar Dweller,1988,41507,58797,,,,
matched,The Celluloid Closet,1996,52228,32562,,,,
matched,Censor,2021,42205,663866,,,,
matched,The Centerfold Girls,1974,36398,28147,,,,
matched,Central Station,1998,48193,666,,,,
matched,Chain Gang Women,1971,37264,28783,,,,
matched,Chained Heat 2,1993,36495,52315,,,,
matched,Challenge the Devil,1963,40469,225029,,,,
matched,Challengers,2024,43058,937287,,,,
matched,Chan Is Missing,1982,53011,14272,,,,
matched,The Changeling,1980,46707,13550,,,,
matched,The Chant of Jimmie Blacksmith,1978,40724,69069,,,,
matched,The Chaos Class,1975,30060,83651,,,,
matched,The Chaos Class: Summer Games,2021,29710,859546,,,,
matched,Character,1997,41462,17139,,,,
matched,Chariots of Fire,1981,47151,9443,,,,
matched,Charlie and the Chocolate Factory,2005,40122,118,,,,
matched,Checkerboard,1959,36433,84607,,,,
matched,Cheerleader Chainsaw Chicks,2018,46989,536525,,,,
matched,The Cheerleaders,1973,37159,54396,,,,
matched,Cheerleaders Beach Party,1978,37262,87117,,,,
matched,Cheerleaders' Wild Weekend,1979,37158,46578,,,,
matched,Chesty Anderson U.S. Navy,1976,37292,89578,,,,
matched,Chicken Little,2005,45481,9982,,,,
matched,Chicken Run,2000,41347,7443,,,,
matched,Child of Kamiari Month,2021,47943,628964,,,,
matched,Children of Heaven,1997,30907,21334,,,,
matched,Children of Men,2006,38836,9693,,,,
matched,Children of Paradise,1945,38255,2457,,,,
matched,The Children's Hour,1961,38384,20139,,,,
matched,Chimes at Midnight,1965,44889,986,,,,
matched,Chinatown,1974,31182,829,,,,
matched,Chocolate,2008,44570,15003,,,,
matched,Chris Fleming: Live at the Palace,2026,48057,1632879,,,,
matched,Chris Gethard: Career Suicide,2017,47665,454787,,,,
matched,Chris Rock: Bigger & Blacker,1999,48038,17870,,,,
matched,Chris Rock: Bring the Pain,1996,47832,18128,,,,
matched,Chris Rock: Never Scared,2004,48048,17871,,,,
matched,Christ Stopped at Eboli,1979,44719,42169,,,,
matched,Christiane F.,1981,41518,9589,,,,
matched,Christine,1983,40188,8769,,,,
matched,Chronicle of a Summer,1961,42840,84972,,,,
matched,"The Chronicles of Narnia: The Lion, the Witch and the Wardrobe",2005,43218,411,,,,
matched,The Chronicles of Riddick,2004,41689,2789,,,,
matched,Chuck Billy and The Marvelous Guava Tree,,52886,935766,,,,
matched,Chungking Express,1994,38899,11104,,,,
matched,Cigarette Burns,2005,52945,327389,,,,
matched,Cinderella,1950,46919,11224,,,,
matched,A Cinderella Story,2004,42087,11247,,,,
matched,Cinderella: A Comic Relief Pantomime for Christmas,2020,51697,771301,,,,
matched,Cindy and Donna,1970,37126,87888,,,,
matched,Cinema Paradiso,1988,31108,11216,,,,
matched,Circle of Iron,1978,41048,23739,,,,
matched,Citizen Kane,1941,31339,15,,,,
matched,Citizen Vigilante,2026,30296,1413976,,,,
matched,Citizenfour,2014,52103,293310,,,,
matched,City Hunter Special: Goodbye My Sweetheart,1997,45970,21770,,,,
matched,City Hunter Special: The Secret Service,1996,42622,38952,,,,
matched,City Hunter: Bay City Wars,1990,47035,189068,,,,
matched,City Hunter: Million Dollar Conspiracy,1990,44963,189071,,,,
matched,City Hunter: Shinjuku Private Eyes,2019,41189,540141,,,,
matched,City Lights,1931,31066,901,,,,
matched,City of God,2002,31296,598,,,,
matched,Civil War,2024,42851,929590,,,,
matched,The Clan,2015,42409,352161,,,,
matched,Class of 1984,1982,41034,11564,,,,
matched,"Clean, Shaven",1993,41559,1479,,,,
matched,Cléo from 5 to 7,1962,55923,499,,,,
matched,Cleopatra: Queen of Sex,1970,47955,84488,,,,
matched,Clerks III,2022,54694,635891,,,,
matched,Cleveland Abduction,2015,37024,336845,,,,
matched,Click,2006,47042,9339,,,,
matched,Cliffhanger,1993,54407,9350,,,,
matched,The Climb,2019,42019,595931,,,,
matched,A Clockwork Orange,1971,31464,185,,,,
matched,Close Encounters of the Third Kind,1977,47475,840,,,,
matched,Close-Up,1990,38652,30017,,,,
matched,Closely Watched Trains,1966,43128,789,,,,
matched,The Cloud-Capped Star,1960,45829,59239,,,,
matched,Cloudy with a Chance of Meatballs,2009,43541,22794,,,,
matched,Club Dread,2004,45724,11217,,,,
matched,Clueless,1995,44023,9603,,,,
matched,CMYLMZ,2008,48053,80981,,,,
matched,Cobain: Montage of Heck,2015,52008,319075,,,,
matched,Cobra,1986,54378,9874,,,,
matched,The Cockleshell Heroes,1955,40592,65114,,,,
matched,Cocksucker Blues,1972,53012,35922,,,,
matched,Coco,2017,30868,354912,,,,
matched,Coffy,1973,36395,22021,,,,
matched,Collateral,2004,45551,1538,,,,
matched,Collective,2019,52156,618363,,,,
matched,The Color of Pomegranates,1969,45549,26302,,,,
matched,Color Theories by Julio Torres,2026,48192,1573688,,,,
matched,Come and See,1985,28983,25237,,,,
matched,"Come Back to the 5 & Dime Jimmy Dean, Jimmy Dean",1982,55919,67772,,,,
matched,Come See Me in the Good Light,2025,52174,1400780,,,,
matched,The Comeback Trail,2020,53804,650783,,,,
matched,The Comedian,2016,53829,369524,,,,
matched,Comfort and Joy,1984,53030,30278,,,,
matched,The Commitments,1991,44440,11663,,,,
matched,Companion,2025,40346,1084199,,,,
matched,A Complete Unknown,2024,43398,661539,,,,
matched,"Comrades, Almost a Love Story",1996,38969,37185,,,,
matched,Conclave,2024,46856,974576,,,,
matched,The Conformist,1970,38722,8416,,,,
matched,The Conjuring,2013,45388,138843,,,,
matched,The Conjuring 2,2016,43307,259693,,,,
matched,The Conjuring: Last Rites,2025,43362,1038392,,,,
matched,The Conjuring: The Devil Made Me Do It,2021,40372,423108,,,,
matched,The Conspiracy of Torture,1969,37117,46768,,,,
matched,Constantine: City of Demons,2018,28275,539517,,,,
matched,Constantine: The House of Mystery,2022,28239,791348,,,,
matched,Contempt,1963,44686,266,,,,
matched,Contraband Spain,1955,40725,474999,,,,
matched,The Conversation,1974,47504,592,,,,
matched,"The Cook, the Thief, His Wife & Her Lover",1989,38502,7452,,,,
matched,Cool Hand Luke,1967,38487,903,,,,
matched,Cop Land,1997,54149,2142,,,,
matched,Coraline,2009,38398,14836,,,,
matched,Cornucopia,2025,55908,1201149,,,,
matched,Corpse Bride,2005,46981,3933,,,,
matched,Corridor of Mirrors,1948,41630,27112,,,,
matched,Corridors of Blood,1958,41209,30637,,,,
matched,The Corruption of Chris Miller,1973,40182,12176,,,,
matched,Count Dracula,1970,40238,5620,,,,
matched,The Cove,2009,52054,23128,,,,
matched,Cover Girl Models,1975,37229,29858,,,,
matched,The Cow,1969,41274,43984,,,,
matched,The Cranes Are Flying,1957,47819,38360,,,,
matched,Crash,1996,31902,884,,,,
matched,Crazy Rich Asians,2018,47010,455207,,,,
matched,"Crazy, Stupid, Love.",2011,46520,50646,,,,
matched,Creating the Queen's Gambit,2021,51678,784047,,,,
matched,Creature from the Black Lagoon,1954,40531,10973,,,,
matched,Creed,2015,40502,312221,,,,
matched,Creed II,2018,54437,480530,,,,
matched,The Creeping Flesh,1973,41452,42469,,,,
matched,The Cremator,1969,38254,18352,,,,
matched,Cria!,1976,38259,51857,,,,
matched,Cries and Whispers,1972,47822,10238,,,,
matched,Crime 101,2026,30382,1171145,,,,
matched,Crimes and Misdemeanors,1989,43287,11562,,,,
matched,Crimes of Passion,1984,36766,40814,,,,
matched,Crimes of the Future,1970,40853,27371,,,,
matched,Crimes of the Future,2022,43814,819876,,,,
matched,Criminally Insane,1975,44088,89659,,,,
matched,Criminally Insane 2,1987,46827,163447,,,,
matched,The Crimson Cult,1968,41533,28073,,,,
matched,The Crimson Pirate,1952,41375,11570,,,,
matched,Crimson Rivers II: Angels of the Apocalypse,2004,40833,60672,,,,
matched,Crip Camp,2020,52276,653725,,,,
matched,The Croods,2013,42232,49519,,,,
matched,The Croods: A New Age,2020,51580,529203,,,,
matched,Crossing the Bridge: The Sound of Istanbul,2005,52123,29138,,,,
matched,The Crowd,1928,44356,3061,,,,
matched,The Crucified Girls of San Ramon,1972,36437,101237,,,,
matched,Cruella,2021,44517,337404,,,,
matched,Cruising,1980,54483,27958,,,,
matched,Crumb,1994,52241,26564,,,,
matched,Cry Uncle,1971,29449,89372,,,,
matched,The Crystal Calls - Making the Dark Crystal: Age of Resistance,2019,51929,627133,,,,
matched,"Cuadecuc, vampir",1972,41586,126278,,,,
matched,Cuba and the Cameraman,2017,52002,474433,,,,
matched,Cure,1997,38878,36095,,,,
matched,The Curious Case of Benjamin Button,2008,44591,4922,,,,
matched,Curse III: Blood Sacrifice,1991,40705,94436,,,,
matched,The Curse of Frankenstein,1957,41622,3079,,,,
matched,The Curse of the Werewolf,1961,47264,28752,,,,
matched,Cutie Honey,2004,47458,20921,,,,
matched,Cutting Moments,1997,40193,31091,,,,
matched,The Dagger of Kamui,1985,47952,48215,,,,
matched,Daguerreotypes,1975,55899,49650,,,,
matched,Daisies,1966,43262,46919,,,,
matched,Dallas Buyers Club,2013,47506,152532,,,,
matched,Damage,1992,42156,11012,,,,
matched,"Dance, Girl, Dance",1940,55924,32196,,,,
matched,Dancer in the Dark,2000,38757,16,,,,
matched,Dances with Wolves,1990,52428,581,,,,
matched,Dancing with the Birds,2019,52032,634541,,,,
matched,Dangal,2016,30789,360814,,,,
matched,Danger: Diabolik,1968,43756,2994,,,,
matched,Daniel Sloss: X,2019,47893,637573,,,,
matched,Darby O'Gill and the Little People,1959,54534,18887,,,,
matched,Daredevil,2003,24920,9480,,,,
matched,Dark City,1998,45091,2666,,,,
matched,The Dark Crystal,1982,55647,11639,,,,
matched,Dark Days,2000,52279,14273,,,,
matched,The Dark Knight,2008,25610,155,,,,
matched,The Dark Knight Rises,2012,26023,49026,,,,
matched,The Dark Mirror,1946,40746,44041,,,,
matched,Dark Mission: Evil Flowers,1988,41401,28861,,,,
matched,Dark Places,1973,40465,120632,,,,
matched,Dark Shadows,2012,41138,62213,,,,
matched,Dark Star,1974,52934,1410,,,,
matched,Darkman,1990,41002,9556,,,,
matched,Darkside Blues,1994,47868,51576,,,,
matched,Daughters,2024,52395,1214521,,,,
matched,Daughters of the Dust,1991,53032,68427,,,,
matched,Dave Chappelle: Equanimity,2017,48145,488223,,,,
matched,Dave Chappelle: For What It's Worth,2004,47676,20147,,,,
matched,Dave Chappelle: Killin' Them Softly,2000,47777,16275,,,,
matched,Dave Chappelle: The Bird Revelation,2017,47680,494368,,,,
matched,David Attenborough: A Life on Our Planet,2020,52230,664280,,,,
matched,David Blaine: Beyond Magic,2016,51661,426222,,,,
matched,David Brent: Life on the Road,2016,46386,339792,,,,
matched,David Byrne's American Utopia,2020,41516,668800,,,,
matched,David Holzman's Diary,1967,46464,85535,,,,
matched,Dawn of the Dead,1978,39192,923,,,,
matched,Dawn of the Planet of the Apes,2014,39707,119450,,,,
matched,The Dawn Wall,2017,52354,489471,,,,
matched,Day for Night,1973,38628,1675,,,,
matched,A Day in the Country,1946,42675,43878,,,,
matched,The Day of the Beast,1995,39157,10722,,,,
matched,The Day the Earth Stood Still,1951,46492,828,,,,
matched,Daybreak,1939,44750,27053,,,,
matched,Daylight,1996,54366,11228,,,,
matched,Days of Heaven,1978,47034,16642,,,,
matched,Days of Wine and Roses,1962,41470,32488,,,,
matched,Dead Leaves,2004,47920,15981,,,,
matched,Dead Man's Wire,2025,54476,1263012,,,,
matched,Dead Poets Society,1989,28985,207,,,,
matched,The Dead Zone,1983,44755,11336,,,,
matched,Deadly Weapons,1974,37276,50958,,,,
matched,Deadpool,2016,24984,293660,,,,
matched,Deadpool & Wolverine,2024,24263,533535,,,,
matched,Deadpool 2,2018,24503,383498,,,,
matched,Dear Zachary: A Letter to a Son About His Father,2008,51910,15584,,,,
matched,Death Line,1972,41455,3581,,,,
matched,Death Nurse,1987,45304,106015,,,,
matched,The Death Train,1993,41591,463241,,,,
matched,Decision to Leave,2022,42310,705996,,,,
matched,Deep End,1970,43357,59408,,,,
matched,Deep Red,1975,40673,20126,,,,
matched,Deep Water,2026,30412,1127384,,,,
matched,The Deer Hunter,1978,31169,11778,,,,
matched,The Deer King,2021,47883,633844,,,,
matched,Deewaar,1975,41617,22460,,,,
matched,The Defiant Ones,1958,45919,11414,,,,
matched,Deliverance,1972,39333,10669,,,,
matched,Demented,1980,45953,85186,,,,
matched,Demi Adejuyigbe: Is Going to Do One (1) Backflip,2025,47686,1564460,,,,
matched,Demolition Man,1993,54418,9739,,,,
matched,Demon City Shinjuku,1988,39027,44179,,,,
matched,The Departed,2006,29037,1422,,,,
matched,Depeche Mode: M,2025,52162,1465711,,,,
matched,Dersu Uzala,1975,38937,9764,,,,
matched,The Descent,2005,42707,9392,,,,
matched,Desperate Living,1977,36765,14262,,,,
matched,Despicable Me,2010,46215,20352,,,,
matched,Despicable Me 2,2013,44164,93456,,,,
matched,Despicable Me 3,2017,39354,324852,,,,
matched,Destroy All Monsters,1968,25507,3107,,,,
matched,Destry Rides Again,1939,45560,43828,,,,
matched,Detour,1945,46795,20367,,,,
matched,The Devil and Daniel Johnston,2005,52268,13222,,,,
matched,Devil in a Blue Dress,1995,45933,8512,,,,
matched,The Devil in Miss Jonas,1974,36474,134172,,,,
matched,The Devil Rides Out,1968,41731,39891,,,,
matched,The Devil Thumbs a Ride,1947,42734,29470,,,,
matched,The Devil Wears Prada,2006,29590,350,,,,
matched,The Devil Wears Prada 2,2026,30336,1314481,,,,
matched,The Devil-Ship Pirates,1964,40568,28778,,,,
matched,The Devil's Advocate,1997,54525,1813,,,,
matched,The Devil's Agent,1962,41318,294659,,,,
matched,Devil's Angels,1967,41344,90086,,,,
matched,The Devil's Daffodil,1961,40585,70028,,,,
matched,The Devils,1971,38978,31767,,,,
matched,Dhamaal,2007,30019,20413,,,,
matched,Dhurandhar,2025,29603,1291608,,,,
matched,Dhurandhar: The Revenge,2026,30310,1582770,,,,
matched,Diabolique,1955,46566,827,,,,
matched,Dial M for Murder,1954,28913,521,,,,
matched,Diamonds Are Forever,1971,25808,681,,,,
matched,Diana: In Her Own Words,2017,52425,469980,,,,
matched,Diary of a Country Priest,1951,45753,43376,,,,
matched,Diary of a Wimpy Kid,2010,46115,33217,,,,
matched,The Diary of Anne Frank,1959,41763,2576,,,,
matched,Dick Johnson Is Dead,2020,52028,653574,,,,
matched,Die Another Day,2002,25704,36669,,,,
matched,Die Hard,1988,28195,562,,,,
matched,Die Hard 2,1990,28192,1573,,,,
matched,Die Hard with a Vengeance,1995,27998,1572,,,,
fixable,Die Hard with a Vengeance,1995,55833,,1572,Die Hard: With a Vengeance,high,title_similarity=1.00 year_delta=0
matched,Diego Maradona,2019,52094,536841,,,,
matched,Dig!,2004,52192,1843,,,,
matched,Diner,1982,47293,13776,,,,
matched,Dirty Dancing,1987,46367,88,,,,
matched,Dirty Duck,1974,37287,90110,,,,
matched,Dirty Grandpa,2016,54091,291870,,,,
matched,Dirty Harry,1971,43144,984,,,,
matched,The Dirty Seven,1982,37241,50470,,,,
matched,Dirty Weekend,1993,40757,71829,,,,
matched,Disclosure,2020,52366,653610,,,,
matched,The Discreet Charm of the Bourgeoisie,1972,43477,4593,,,,
matched,Diva,1981,43778,4485,,,,
matched,Divergent,2014,39756,157350,,,,
matched,Divine Emanuelle,1981,37198,39919,,,,
matched,Django Unchained,2012,30826,68718,,,,
matched,Do the Right Thing,1989,38248,925,,,,
matched,The Docks of New York,1928,43044,885,,,,
matched,Doctor Sleep,2019,29464,501170,,,,
matched,Doctor Strange,2016,24585,284052,,,,
matched,Doctor Strange in the Multiverse of Madness,2022,24159,453395,,,,
matched,Doctor Zhivago,1965,41597,907,,,,
matched,Dodsworth,1936,45898,31507,,,,
matched,Dog Day Afternoon,1975,38684,968,,,,
matched,A Dog's Life,1962,41845,32688,,,,
matched,A Dog's Will,2000,38284,40096,,,,
matched,Dogma,1999,54695,1832,,,,
matched,Dogville,2003,38463,553,,,,
matched,La Dolce Vita,1960,38724,439,,,,
matched,Dolemite Is My Name,2019,44251,528888,,,,
matched,The Doll Squad,1973,37306,94752,,,,
matched,Dominion,2018,52412,472796,,,,
matched,Dominion: Prequel to the Exorcist,2005,29978,12700,,,,
matched,Don't Deliver Us from Evil,1971,40332,61683,,,,
matched,Don't Look Back,1967,52346,135,,,,
matched,Don't Look Now,1973,39115,931,,,,
matched,Don't Look Up,2021,42504,646380,,,,
matched,Don't Worry Darling,2022,41273,619730,,,,
matched,Donkey Skin,1970,43992,5590,,,,
matched,Donnie Darko,2001,40095,141,,,,
matched,Doom,2005,41585,8814,,,,
matched,The Door Into Summer,1981,47754,179998,,,,
matched,The Doors,1991,28449,10537,,,,
matched,Double Agent 73,1974,37194,37043,,,,
matched,Double Dhamaal,2011,29883,68029,,,,
matched,Double Indemnity,1944,31162,996,,,,
matched,Downfall,2004,30721,613,,,,
matched,"Dr. Mabuse, the Gambler",1922,43305,5998,,,,
matched,Dr. No,1962,25864,646,,,,
matched,Dr. Strangelove or: How I Learned to Stop Worrying and Love the Bomb,1964,30209,935,,,,
matched,Dr. Terror's House of Horrors,1965,41015,26811,,,,
matched,Dracula,1931,47171,138,,,,
matched,Dracula and Son,1976,41334,11786,,,,
matched,Drácula Barcelona,2017,55914,474627,,,,
matched,Dracula Has Risen from the Grave,1968,41805,29778,,,,
matched,Dracula: Prince of Darkness,1966,41723,17102,,,,
matched,Dragon Ball: Curse of the Blood Rubies,1986,47831,39144,,,,
matched,Dragon Ball: Mystical Adventure,1988,44408,116776,,,,
matched,Dragon Ball: Sleeping Princess in Devil's Castle,1987,41180,39145,,,,
matched,Dragon Ball: The Path to Power,1996,47390,39148,,,,
matched,DragonHeart,1996,53736,8840,,,,
matched,Dragonslayer,1981,43537,848,,,,
matched,Dragonwyck,1946,44033,26286,,,,
matched,The Drama,2026,30233,1325734,,,,
matched,The Draughtsman's Contract,1982,41646,10831,,,,
matched,Dreamaniac,1986,45659,85136,,,,
matched,Dreamland,2019,51346,480434,,,,
matched,Dreams,1990,38796,12516,,,,
matched,Dredd,2012,41012,49049,,,,
matched,Dressed to Kill,1980,37006,11033,,,,
matched,Drinking Buddies,2013,42160,172533,,,,
matched,Drishyam,2013,31298,244049,,,,
matched,Drishyam 2,2021,30003,706872,,,,
matched,Drishyam 3,2026,29732,847742,,,,
matched,Drive,1997,45666,25571,,,,
matched,Drive,2011,42441,64690,,,,
matched,Drive My Car,2021,38776,758866,,,,
matched,Drunken Angel,1948,53007,25858,,,,
matched,Duck Soup,1933,39269,3063,,,,
matched,Duel,1971,45169,839,,,,
matched,Dumbo,1941,41164,11360,,,,
matched,Dune: Part One,2021,29259,438631,,,,
matched,Dune: Part Two,2024,29215,693134,,,,
matched,Dunkirk,2017,47305,374720,,,,
matched,E.T.,1982,54698,601,,,,
matched,The Eagle,1925,43972,98477,,,,
matched,The Eagle Huntress,2016,45084,376530,,,,
matched,The Ear,1990,39310,88953,,,,
matched,The Earrings of Madame de...,1953,47598,27030,,,,
matched,Earth,1930,43122,46594,,,,
matched,Earthlings,2005,52275,30238,,,,
matched,Easy A,2010,42518,37735,,,,
matched,Easy Rider,1969,39305,624,,,,
matched,Eat Drink Man Woman,1994,45976,10451,,,,
matched,"Ebirah, Horror of the Deep",1966,25497,3115,,,,
matched,The Ecstasies of Women,1969,37182,158442,,,,
matched,Ed Wood,1994,46127,522,,,,
matched,Eddie Izzard: Dress to Kill,1999,48156,13589,,,,
matched,Eddie Izzard: Glorious,1997,40494,13590,,,,
matched,Eddie Murphy: Delirious,1983,40480,15251,,,,
matched,Eddie Murphy: Raw,1987,36702,17159,,,,
matched,Eddington,2025,51534,648878,,,,
matched,The Edge,1997,42782,9433,,,,
matched,The Edge of Seventeen,2016,42708,376660,,,,
matched,Edge of Tomorrow,2014,43428,137113,,,,
matched,Edward Scissorhands,1990,44249,162,,,,
matched,Eko,2025,52865,1070186,,,,
matched,El,1953,55913,43344,,,,
matched,"Electric Boogaloo: The Wild, Untold Story of Cannon Films",2014,40978,282041,,,,
matched,Elektra,2005,24742,9947,,,,
matched,Elemental,2023,44617,976573,,,,
matched,Elena,2012,52139,160859,,,,
matched,The Elephant Man,1980,28959,1955,,,,
matched,Elf,2003,40854,10719,,,,
matched,Elvis,1979,52954,40047,,,,
matched,Elvis,2022,40392,614934,,,,
matched,Emanuelle - A Woman from a Hot Country,1978,36449,208542,,,,
matched,Emanuelle and the Last Cannibals,1977,37187,28324,,,,
matched,Emanuelle and the Porno Nights of the World N. 2,1978,37109,158618,,,,
matched,Emanuelle and the White Slave Trade,1978,37303,40132,,,,
matched,Emanuelle Around the World,1977,37285,28325,,,,
matched,Emanuelle in America,1977,36386,28682,,,,
matched,Emanuelle in Bangkok,1976,37201,39965,,,,
matched,Emanuelle's Perverse Outburst,,37260,59316,,,,
matched,Embrace of the Serpent,2015,38985,336808,,,,
matched,Emily the Criminal,2022,43226,862965,,,,
matched,Emma.,2020,51711,556678,,,,
matched,Emmanuelle,1974,36447,24402,,,,
matched,Emmanuelle 3,1977,36469,39412,,,,
matched,Emmanuelle IV,1984,36491,40978,,,,
matched,Emmanuelle: The Joys of a Woman,1975,36442,28209,,,,
matched,Emperor of the North,1973,44985,31943,,,,
matched,The Emperor's Naked Army Marches On,1987,52189,51929,,,,
matched,The Emperor's New Groove,2000,45731,11688,,,,
matched,The Encampments,2025,52381,1418174,,,,
matched,Encanto,2021,47597,568124,,,,
matched,Enchanted,2007,42881,4523,,,,
matched,Encounters at the End of the World,2007,52033,12172,,,,
matched,The End of the Tour,2015,46325,249688,,,,
matched,End of the World,1977,41733,3030,,,,
matched,The Enemy,2014,45267,1327758,,,,
matched,The Enforcer,2022,36712,846433,,,,
matched,Ennio,2021,52018,396194,,,,
matched,Eno,2024,52289,1588283,,,,
matched,Enola Holmes,2020,30286,497582,,,,
matched,Enola Holmes 2,2022,29586,829280,,,,
matched,Enola Holmes 3,2026,30234,1202033,,,,
matched,Enter the Dragon,1973,46394,9461,,,,
matched,Entergalactic,2022,42007,1027014,,,,
matched,The Entity,1982,41304,24740,,,,
matched,Entrapment,1999,53712,1844,,,,
matched,Epic: Elvis Presley in Concert,2026,52098,1445363,,,,
matched,Eraserhead,1977,45999,985,,,,
matched,Ernest & Celestine,2012,38609,126319,,,,
matched,Ernest & Celestine: A Trip to Gibberitia,2022,41816,947219,,,,
matched,The Erotic Rites of Frankenstein,1973,37291,3163,,,,
matched,Errementari: The Blacksmith and the Devil,2018,45973,477033,,,,
matched,Escape from Hell,1980,36735,105836,,,,
matched,Escape from L.A.,1996,52935,10061,,,,
matched,Escape from New York,1981,52978,1103,,,,
matched,Escape from Women's Prison,1978,37228,40135,,,,
matched,Escape Plan,2013,54344,107846,,,,
matched,Escape Plan 2: Hades,2018,54408,440471,,,,
matched,The Escapees,1982,36399,29566,,,,
matched,Eternal Sunshine of the Spotless Mind,2004,30804,38,,,,
matched,Eternals,2021,24132,524434,,,,
matched,Eternity,2025,52866,1259102,,,,
matched,Eternity and a Day,1998,38849,24858,,,,
matched,Eugenie de Sade,1973,37106,28298,,,,
matched,Eugenie... the Story of Her Journey Into Perversion,1970,36481,87503,,,,
matched,Eureka,1983,46536,37943,,,,
matched,Eureka Seven: Hi-Evolution 1,2017,40177,467169,,,,
matched,Europe '51,1952,40727,41464,,,,
matched,Evangelion: 1.0 You Are (Not) Alone,2007,47714,15137,,,,
matched,Evangelion: 2.0 You Can (Not) Advance,2009,40207,22843,,,,
matched,Evangelion: 3.0 You Can (Not) Redo,2012,41185,75629,,,,
matched,Evangelion: 3.0+1.0 Thrice Upon a Time,2021,38660,283566,,,,
matched,An Evening with Dua Lipa,2024,47685,1384789,,,,
matched,An Evening with Robin Williams,1983,47806,21585,,,,
matched,An Evening with Tim Heidecker,2020,47905,753702,,,,
matched,Everything Everywhere All at Once,2022,38913,545611,,,,
matched,Everything or Nothing,2012,40243,135921,,,,
matched,Evil Come Evil Go,1972,43481,50962,,,,
matched,The Evil Dead,1981,29191,764,,,,
matched,Evil Dead,2013,30462,109428,,,,
matched,Evil Dead II,1987,29292,765,,,,
matched,Evil Dead Rise,2023,30461,713704,,,,
matched,The Evil of Frankenstein,1964,51873,3124,,,,
matched,Ex Libris,2017,52196,446173,,,,
matched,Ex Machina,2014,43290,264660,,,,
matched,The Executioner,1963,42737,4498,,,,
matched,The Exiles,1961,47400,84249,,,,
matched,Exit Through the Gift Shop,2010,52150,39452,,,,
matched,The Exorcist,1973,30725,9552,,,,
matched,Exorcist II: The Heretic,1977,29706,11586,,,,
matched,The Exorcist III,1990,29671,11587,,,,
matched,The Exorcist: Believer,2023,29884,807172,,,,
matched,Exorcist: The Beginning,2004,30152,11026,,,,
matched,Expend4bles,2023,54413,299054,,,,
matched,The Expendables,2010,54390,27578,,,,
matched,The Expendables 2,2012,54428,76163,,,,
matched,The Expendables 3,2014,54417,138103,,,,
matched,The Exterminating Angel,1962,38648,29264,,,,
matched,Extraordinary Tales,2015,41647,329020,,,,
matched,Extremities,1986,41217,44326,,,,
matched,An Eye for an Eye,1981,40750,42566,,,,
matched,Eyes Wide Shut,1999,36569,345,,,,
matched,Eyes Without a Face,1960,42948,31417,,,,
matched,Ezra,2024,53841,977262,,,,
matched,F for Fake,1973,44766,43003,,,,
matched,F1: The Movie,2025,45931,911430,,,,
matched,F9: The Fast Saga,2021,51802,385128,,,,
matched,The Fabelmans,2022,47617,804095,,,,
matched,The Fabelmans,2022,55829,804095,,,,
matched,The Fabulous World of Jules Verne,1958,45988,19759,,,,
matched,A Face in the Crowd,1957,38810,21849,,,,
matched,The Face of Another,1966,38827,29452,,,,
matched,The Face of Fu Manchu,1965,40639,3481,,,,
matched,Faces,1968,45305,753,,,,
matched,Faces Places,2017,52274,451995,,,,
matched,Fade to Black,1980,40596,40034,,,,
matched,Fahrenheit 9/11,2004,53959,1777,,,,
matched,Fail Safe,1964,48082,502,,,,
matched,Fair Game,1986,41184,49237,,,,
matched,Fais-moi rêver,2000,41557,574002,,,,
matched,The Fall,2006,48072,14784,,,,
matched,The Fall,2019,46535,643065,,,,
matched,The Fall Guy,2024,45502,746036,,,,
matched,Fallen Angels,1995,38607,11220,,,,
matched,The Fallen Idol,1948,43040,21631,,,,
matched,The Family,2013,53995,112205,,,,
matched,A Family Like Many Others,1949,44836,115107,,,,
matched,Family Portraits: A Trilogy of America,2003,41294,129481,,,,
matched,The Fan,1982,42413,105184,,,,
matched,The Fan,1996,54062,9566,,,,
matched,Fanny and Alexander,1982,38700,5961,,,,
matched,Fantasia,1940,45932,756,,,,
matched,Fantasm Comes Again,,36487,30830,,,,
matched,The Fantastic Adventures of Unico,1981,43451,38563,,,,
matched,Fantastic Beasts and Where to Find Them,2016,40059,259316,,,,
matched,Fantastic Beasts: The Crimes of Grindelwald,2018,45074,338952,,,,
matched,Fantastic Four,2005,24195,9738,,,,
matched,The Fantastic Four: First Steps,2025,24091,617126,,,,
matched,Fantastic Four: Rise of the Silver Surfer,2007,24075,1979,,,,
matched,Fantastic Mr. Fox,2009,38879,10315,,,,
matched,Fantastic Planet,1973,42784,16306,,,,
matched,Fantasy,1976,36430,372265,,,,
matched,"Faraway, So Close!",1993,41965,10434,,,,
matched,Farewell My Concubine,1993,38981,10997,,,,
matched,Fargo,1996,30927,275,,,,
matched,Fascination,1979,42624,29562,,,,
matched,Fast & Furious,2009,55904,13804,,,,
matched,Fast & Furious 6,2013,55905,82992,,,,
matched,Fast & Furious Presents: Hobbs & Shaw,2019,55903,384018,,,,
matched,The Fast and the Furious,2001,39703,9799,,,,
matched,The Fast and the Furious: Tokyo Drift,2006,44569,9615,,,,
matched,Fast Five,2011,51132,51497,,,,
matched,Fast Times at Ridgemont High,1982,42580,13342,,,,
matched,Fast X,2023,51740,385687,,,,
matched,"Faster, Pussycat! Kill! Kill!",1965,37116,315,,,,
matched,Fat City,1972,42002,16993,,,,
matched,The Fate of the Furious,2017,51168,337339,,,,
matched,The Father,2020,30672,600354,,,,
matched,The Fault in Our Stars,2014,40876,222935,,,,
matched,Faust,1926,45421,10728,,,,
matched,The Favourite,2018,44460,375262,,,,
matched,Fear Street: Part One - 1994,2021,36746,591273,,,,
matched,Fear Street: Part Three - 1666,2021,37786,591275,,,,
matched,Felicity,1978,37199,45048,,,,
matched,Fellini's Casanova,1976,44305,42236,,,,
matched,The Female Bunch,1971,36434,29119,,,,
matched,Female Prisoner #701: Scorpion,1972,40982,71138,,,,
matched,Female Prisoner Scorpion: #701's Grudge Song,1973,40312,55379,,,,
matched,Female Prisoner Scorpion: Beast Stable,1973,41809,35282,,,,
matched,Female Prisoner Scorpion: Jailhouse 41,1972,40160,39872,,,,
matched,Female Vampire,1967,37132,362171,,,,
matched,Female Yakuza Tale,1973,41993,51429,,,,
matched,Ferrari,2023,44095,365620,,,,
matched,Ferris Bueller's Day Off,1986,41780,9377,,,,
matched,The Fifth Cord,1971,40628,42676,,,,
matched,Fifty Shades Darker,2017,37735,341174,,,,
matched,Fifty Shades Freed,2018,37022,337167,,,,
matched,Fifty Shades of Grey,2015,37687,216015,,,,
matched,Fight Club,1999,31242,550,,,,
matched,"Fight, Zatoichi, Fight",1964,22043,54266,,,,
matched,Final Destination,2000,45987,9532,,,,
matched,Final Destination: Bloodlines,2025,41644,574475,,,,
matched,Final Prayer,2013,41174,207774,,,,
matched,Finding Dory,2016,29554,127380,,,,
matched,Finding Forrester,2000,53717,711,,,,
matched,Finding Nemo,2003,31330,12,,,,
matched,Fire of Love,2022,52022,913823,,,,
matched,The Fire Within,1963,38412,2593,,,,
matched,The Fire Within: A Requiem for Katia and Maurice Krafft,2022,52029,977341,,,,
matched,The Firemen's Ball,1967,46715,38442,,,,
matched,Fires Were Started,1943,45520,84656,,,,
matched,Fireworks,1997,38832,5910,,,,
matched,First Blood,1982,54458,1368,,,,
matched,First Knight,1995,54532,6520,,,,
matched,First Man,2018,45229,369972,,,,
matched,First Reformed,2018,46208,458737,,,,
matched,Fitzcarraldo,1982,44142,9343,,,,
matched,Five Easy Pieces,1970,44411,26617,,,,
matched,Five Golden Dragons,1967,41669,76131,,,,
matched,Five Loose Women,1974,37234,29672,,,,
matched,Five Nights at Freddy's,2023,43042,507089,,,,
matched,Five Numbers!,2011,47783,111608,,,,
matched,The Flash,2023,36409,298618,,,,
matched,Flash Gordon,1980,39083,3604,,,,
matched,Flavia the Heretic,1974,37267,64538,,,,
matched,Flawless,1999,53771,31582,,,,
matched,Flawless,2007,51932,13195,,,,
matched,Flee,2021,40584,680813,,,,
matched,Flesh and Blood: The Hammer Heritage of Horror,1994,41668,40157,,,,
matched,Flesh for Frankenstein,1973,41445,3043,,,,
matched,Flesh Gordon,,36448,3687,,,,
matched,Flesh+Blood,1985,39113,12775,,,,
matched,Flight,2012,44478,87502,,,,
matched,Flight of the Conchords: Live in London,2018,47971,550416,,,,
matched,Floating Weeds,1959,46885,46918,,,,
matched,Flopsy Turvy,2018,51349,521353,,,,
matched,The Florida Project,2017,42414,394117,,,,
matched,Flow,2024,40948,823219,,,,
matched,Fly Away Home,1996,39119,11076,,,,
matched,Focus,2015,51295,256591,,,,
matched,The Fog,1980,46788,790,,,,
matched,The Fog of War,2003,52084,12698,,,,
matched,Foo Fighters: Back and Forth,2011,52202,61488,,,,
matched,Foolish Wives,1922,42439,35227,,,,
matched,Footlight Parade,1933,40501,28432,,,,
matched,Footprints on the Moon,1975,40944,82362,,,,
matched,For a Few Dollars More,1965,29212,938,,,,
matched,For All Mankind,1989,52026,20423,,,,
matched,For Better or for Worse,1989,40977,165401,,,,
matched,For Sama,2019,52380,576017,,,,
matched,For the Love of Spock,2016,41971,338544,,,,
matched,For Your Eyes Only,1981,25817,699,,,,
matched,Forbidden Games,1952,44934,5000,,,,
matched,Forbidden Planet,1956,41667,830,,,,
matched,Force of Evil,1948,42071,26744,,,,
matched,Ford v Ferrari,2019,31255,359724,,,,
matched,The Forest,2016,51949,329440,,,,
matched,Forrest Gump,1994,31101,13,,,,
matched,Four Daughters,2023,52138,1069193,,,,
matched,Four Flies on Grey Velvet,1971,40547,30689,,,,
matched,The Four Musketeers,1974,40578,12310,,,,
matched,Four Times That Night,1971,29451,5484,,,,
matched,Fox and His Friends,1975,41561,42254,,,,
matched,Foxy Brown,1974,36953,22048,,,,
matched,Frank and Penelope,2022,36781,899294,,,,
matched,Frankenstein,1931,44447,3035,,,,
matched,Frankenstein,2025,43720,1062722,,,,
matched,Frankenstein and the Monster from Hell,1974,51871,3117,,,,
matched,Frankenstein Conquers the World,1965,45849,3160,,,,
matched,Frankenstein Created Woman,1967,51869,3104,,,,
matched,Frankenstein Must Be Destroyed,1969,51780,3075,,,,
matched,Freaks,1932,47214,136,,,,
matched,Freaky,2020,47241,551804,,,,
matched,Freaky Friday,2003,45109,10330,,,,
matched,Freddy vs. Jason,2003,26256,6466,,,,
matched,Freddy's Dead: The Final Nightmare,1991,26240,11284,,,,
matched,Free Guy,2021,47358,550988,,,,
matched,Free Love,1974,36356,59873,,,,
matched,Free Solo,2018,52334,515042,,,,
matched,The French Connection,1971,39331,1051,,,,
matched,The French Dispatch,2021,46114,542178,,,,
matched,Frenzy,1972,41444,573,,,,
matched,Friday the 13th,1980,26208,4488,,,,
matched,Friday the 13th Part VI: Jason Lives,1986,26128,10225,,,,
matched,Friday the 13th Part VIII: Jason Takes Manhattan,1989,26184,10283,,,,
matched,Friday the 13th: A New Beginning,1985,26156,9731,,,,
matched,Friday the 13th: Part 2,1981,26206,9725,,,,
matched,Friday the 13th: Part 3,1982,26251,9728,,,,
matched,Friday the 13th: The Final Chapter,1984,26253,9730,,,,
matched,Friday the 13th: The New Blood,1988,26249,10281,,,,
matched,The Friends of Eddie Coyle,1973,42060,25680,,,,
matched,Friends with Benefits,2011,44921,50544,,,,
matched,Frightmare,1974,44242,38446,,,,
matched,From Here to Eternity,1953,43127,11426,,,,
matched,From Russia with Love,1963,25824,657,,,,
matched,From the East,1993,52137,104739,,,,
matched,From the Life of the Marionettes,1980,41959,42152,,,,
matched,Frozen,2013,44276,109445,,,,
matched,Frozen II,2019,46889,330457,,,,
matched,Fruitvale Station,2013,46277,157354,,,,
matched,Full Metal Jacket,1987,28995,600,,,,
matched,Funeral Parade of Roses,1969,38997,1556,,,,
matched,Funny Man,1994,41587,104205,,,,
matched,Furiosa: A Mad Max Saga,2024,29648,786892,,,,
matched,The Furious,2026,30210,1510055,,,,
matched,Furious 7,2015,51219,168259,,,,
matched,Fury,2014,31738,228150,,,,
matched,Fusé: Memoirs of a Huntress,2012,47647,204755,,,,
matched,Future Shock! The Story of 2000AD,2014,40706,291863,,,,
matched,Gaga Chromatica Ball,2024,47720,1063549,,,,
matched,Galaxy Express 999: Can You Live Like a Warrior!!,1979,41016,687383,,,,
matched,Galaxy Express 999: Eternal Fantasy,1998,40204,57123,,,,
matched,Galaxy Express 999: The Movie,1979,47932,15227,,,,
matched,Galaxy Quest,1999,44697,926,,,,
matched,Gallipoli,1981,45230,11646,,,,
matched,The Game,1997,39184,2649,,,,
matched,Gamera Super Monster,1980,26058,70358,,,,
matched,Gamera vs. Guiron,1969,26050,26947,,,,
matched,Gamera vs. Gyaos,1967,26335,52728,,,,
matched,Gamera vs. Jiger,1970,26060,70327,,,,
matched,Gamera vs. Viras,1968,26394,34131,,,,
matched,Gamera vs. Zigra,1971,26061,70322,,,,
matched,"Gamera, the Giant Monster",1965,26062,21930,,,,
matched,Gandhi,1982,40849,783,,,,
matched,Gangs of Wasseypur - Part 1,2012,41166,117691,,,,
matched,Gangs of Wasseypur - Part 2,2012,38781,126400,,,,
matched,Gangster Squad,2013,51507,82682,,,,
matched,The Garden of the Finzi-Continis,1970,44508,4789,,,,
matched,Garlic Is as Good as Ten Mothers,1980,52199,85642,,,,
matched,Gary Gulman: The Great Depresh,2019,47807,627016,,,,
matched,Gas Pump Girls,1979,37150,119552,,,,
matched,Gaslight,1944,43832,13528,,,,
matched,Gemini Man,2019,27729,453405,,,,
matched,The General,1926,30598,961,,,,
matched,Generation X,1996,24236,26623,,,,
matched,Genius Party,2007,38353,40123,,,,
matched,Genius Party Beyond,2008,43230,77248,,,,
matched,Gentleman Jim,1942,40680,43522,,,,
matched,Gentlemen Prefer Blondes,1953,46992,759,,,,
matched,George Carlin: Back in Town,1996,47664,34509,,,,
matched,George Carlin: Complaints & Grievances,2001,47937,20679,,,,
matched,George Carlin: Doin' It Again,1990,47752,25160,,,,
matched,George Carlin: Jammin' in New York,1992,48141,25161,,,,
matched,George Carlin: Life Is Worth Losing,2005,45878,13015,,,,
matched,George Carlin: You Are All Diseased,1999,47683,34513,,,,
matched,George Carlin... It's Bad for Ya!,2008,47903,13643,,,,
matched,Gertrud,1964,45981,34181,,,,
matched,Gestapo's Last Orgy,1977,37129,39987,,,,
matched,Get Carter,1971,45658,1485,,,,
matched,"Ghidorah, the Three-Headed Monster",1964,25506,15766,,,,
matched,The Ghost and Mrs. Muir,1947,44593,22292,,,,
matched,The Ghost and the Darkness,1996,28748,10586,,,,
matched,Ghost Ship From Lop Nur,2021,40316,795539,,,,
matched,A Ghost Story,2017,43843,428449,,,,
matched,GHOST: Rite Here Rite Now,2024,47853,1203397,,,,
matched,Ghostbusters,1984,42990,620,,,,
matched,Ghosts of Girlfriends Past,2009,51547,12556,,,,
matched,Ghosts of Mars,2001,52959,10016,,,,
matched,Giant,1956,47457,1712,,,,
matched,Gigi,1958,44024,17281,,,,
matched,Gilda,1946,40500,3767,,,,
matched,Gimme Shelter,1970,45996,132,,,,
matched,Giovanni's Island,2014,48195,239367,,,,
matched,Giovannona Long-Thigh,1973,37257,121342,,,,
matched,The Girl,1987,40247,110729,,,,
matched,The Girl from the Other Side,2022,47856,802699,,,,
matched,Girl in the Bunker,2018,36835,501624,,,,
matched,The Girl Next Door,2007,36839,15356,,,,
matched,The Girl on a Motorcycle,1968,37240,29722,,,,
matched,The Girl Who Knew Too Much,1963,41582,28041,,,,
matched,The Girl with the Dragon Tattoo,2011,43301,65754,,,,
matched,"Girl, Interrupted",1999,45828,3558,,,,
matched,Girlhood,2014,43961,266082,,,,
matched,Girly,1970,55915,62108,,,,
matched,Gladiator,2000,29014,98,,,,
matched,Gladiator II,2024,29795,558449,,,,
matched,Glass,2019,51261,450465,,,,
matched,Glass Onion,2022,45411,661374,,,,
matched,The Gleaners and I,2000,52403,44379,,,,
matched,Glengarry Glen Ross,1992,39155,9504,,,,
matched,Glorious 39,2009,41811,35939,,,,
matched,God Is a Bullet,2023,36837,808396,,,,
matched,The Goddess,1934,40223,112698,,,,
matched,The Godfather,1972,31097,238,,,,
matched,The Godfather Part II,1974,30858,240,,,,
matched,The Godfather Part III,1990,29452,242,,,,
matched,Godzilla,1954,25509,1678,,,,
matched,Godzilla,1977,25487,340315,,,,
matched,Godzilla,1998,25434,929,,,,
matched,Godzilla,2014,25436,124905,,,,
matched,Godzilla 2000: Millennium,1999,25484,10643,,,,
matched,Godzilla Against MechaGodzilla,2002,25479,12636,,,,
matched,Godzilla Minus One,2023,25464,940721,,,,
matched,Godzilla Raids Again,1955,25467,1679,,,,
matched,Godzilla vs. Biollante,1989,36764,18289,,,,
matched,Godzilla vs. Destoroyah,1995,37684,12561,,,,
matched,Godzilla vs. Gigan,1972,25496,19336,,,,
matched,Godzilla vs. Hedorah,1971,25510,39464,,,,
matched,Godzilla vs. King Ghidorah,1991,37777,36679,,,,
matched,Godzilla vs. Kong,2021,25846,399566,,,,
matched,Godzilla vs. Mechagodzilla,1974,25460,38582,,,,
matched,Godzilla vs. Mechagodzilla II,1993,37772,6593,,,,
matched,Godzilla vs. Megaguirus,2000,25469,39468,,,,
matched,Godzilla vs. Megalon,1973,25493,39264,,,,
matched,Godzilla vs. Mothra,1992,37721,39465,,,,
matched,Godzilla vs. SpaceGodzilla,1994,37647,39466,,,,
matched,Godzilla X Kong: The New Empire,2024,37091,823464,,,,
matched,"Godzilla, Mothra and King Ghidorah: Giant Monsters All-Out Attack",2001,25478,36243,,,,
matched,Godzilla: Final Wars,2004,25862,15767,,,,
matched,Godzilla: King of the Monsters,2019,25513,373571,,,,
matched,Godzilla: Planet of the Monsters,2017,25486,449574,,,,
matched,Godzilla: The Planet Eater,2018,25482,536115,,,,
matched,Godzilla: Tokyo S.O.S.,2003,25468,39469,,,,
matched,Gold Diggers of 1933,1933,40587,31511,,,,
matched,The Gold Rush,1925,31190,962,,,,
matched,The Golden Coach,1952,42389,56167,,,,
matched,The Golden Compass,2007,41316,2268,,,,
matched,The Golden Spurtle,2025,52332,1425373,,,,
matched,GoldenEye,1995,25694,710,,,,
matched,Goldfinger,1964,25828,658,,,,
matched,Golgo 13: The Professional,1983,44354,17922,,,,
matched,Gone Girl,2014,30270,210577,,,,
matched,Gone with the Wind,1939,28845,770,,,,
matched,A Good Day to Die Hard,2013,28196,47964,,,,
matched,"Good Luck, Have Fun, Don't Die",2026,30480,1119449,,,,
matched,Good Morning,1959,38996,28276,,,,
matched,The Good Shepherd,2006,53961,1247,,,,
matched,Good Time,2017,39195,429200,,,,
matched,Good Will Hunting,1997,29004,489,,,,
matched,"The Good, the Bad and the Ugly",1966,31107,429,,,,
matched,Goodbye Christopher Robin,2017,51350,418680,,,,
matched,GoodFellas,1990,30993,769,,,,
matched,The Goonies,1985,39582,9340,,,,
matched,The Gorge,2025,51710,950396,,,,
matched,The Gorgon,1964,41553,28667,,,,
matched,A Gorilla Story: Told by David Attenborough,2026,52314,1623125,,,,
matched,The Gospel According to St. Matthew,1965,41964,24192,,,,
matched,The Graduate,1967,42791,37247,,,,
matched,Gran Torino,2008,30737,13223,,,,
matched,The Grand Budapest Hotel,2014,31355,120467,,,,
matched,Grand Illusion,1937,38782,777,,,,
matched,Grandma,2015,46968,309304,,,,
matched,The Grapes of Wrath,1940,38391,596,,,,
matched,Gravity,2013,43904,49047,,,,
matched,The Gray Man,2022,36770,725201,,,,
matched,Grease,1978,42030,621,,,,
matched,The Great Buster,2018,41853,539199,,,,
matched,The Great Dictator,1940,31336,914,,,,
matched,The Great Escape,1963,31301,5925,,,,
matched,The Great Escape II: The Untold Story,1988,29555,219646,,,,
matched,Great Expectations,1946,46466,14320,,,,
matched,Great Expectations,1998,54110,9410,,,,
matched,The Great Gatsby,2013,40028,64682,,,,
matched,The Great Silence,1968,38465,9028,,,,
matched,The Great Train Robbery,1903,42630,5698,,,,
matched,The Great Train Robbery,1978,53696,11583,,,,
matched,The Great White Silence,1924,41862,84880,,,,
matched,The Greatest Showman,2017,45671,316029,,,,
matched,Greed,1924,39080,1405,,,,
matched,Green Arrow,2010,28234,46718,,,,
matched,Green Book,2018,29141,490132,,,,
matched,Green Day: Bullet in a Bible,2005,47641,26627,,,,
matched,Green Lantern: Emerald Knights,2011,28137,65291,,,,
matched,Green Lantern: First Flight,2009,28124,17445,,,,
matched,The Green Mile,1999,29223,497,,,,
matched,The Green Ray,1986,45389,54898,,,,
matched,Green Room,2016,44966,313922,,,,
matched,Greetings,1968,53994,73604,,,,
matched,Gremlins,1984,40323,927,,,,
matched,"Greta, the Mad Butcher",,37244,28656,,,,
matched,Grey Gardens,1975,52350,17346,,,,
matched,Grindhouse,2007,36890,285923,,,,
matched,Grizzly Man,2005,52358,501,,,,
matched,Grosse Pointe Blank,1997,44816,9434,,,,
matched,Groundhog Day,1993,42579,137,,,,
matched,Grown Ups,2010,47474,38365,,,,
matched,Grudge Match,2013,54025,64807,,,,
matched,Guardians of the Galaxy,2014,24517,118340,,,,
matched,The Guardians of the Galaxy Holiday Special,2022,24318,774752,,,,
matched,Guardians of the Galaxy Vol. 3,2023,24278,447365,,,,
matched,Guardians of the Galaxy: Vol. 2,2017,24160,283995,,,,
matched,Gueros,2014,38637,256057,,,,
matched,Guess Who's Coming to Dinner,1967,52427,1879,,,,
matched,Gulliver's Travels,1939,52986,42518,,,,
matched,Gummo,1997,41053,18415,,,,
matched,Gun Crazy,1950,44754,18671,,,,
matched,A Gun for Jennifer,1997,40633,129311,,,,
matched,Gunfight at the O.K. Corral,1957,47448,22201,,,,
matched,Gunga Din,1939,42877,24965,,,,
matched,Guys and Dolls,1955,41060,4825,,,,
matched,Guyver: Out of Control,1986,39029,76847,,,,
matched,H.O.T.S.,1979,37176,59181,,,,
matched,Habit,1997,42000,28671,,,,
matched,Hachi: A Dog's Tale,2009,30492,28178,,,,
matched,Hacksaw Ridge,2016,29115,324786,,,,
matched,"Hail, Caesar!",2016,46002,270487,,,,
matched,La haine,1995,28998,406,,,,
matched,The Hallow,2015,46826,312831,,,,
matched,Halloween,1978,26291,948,,,,
matched,Halloween,2007,26097,2082,,,,
matched,Halloween,2018,26260,424139,,,,
matched,Halloween 4: The Return of Michael Myers,1988,26146,11357,,,,
matched,Halloween 5: The Revenge of Michael Myers,1989,26144,11361,,,,
matched,Halloween Ends,2022,26151,616820,,,,
matched,Halloween H20: 20 Years Later,1998,26257,11675,,,,
matched,Halloween II,1981,26177,11281,,,,
matched,Halloween II,2009,26099,24150,,,,
matched,Halloween III: Season of the Witch,1982,26289,10676,,,,
matched,Halloween Kills,2021,26214,610253,,,,
matched,Halloween: Resurrection,2002,26283,11442,,,,
matched,Halloween: The Curse of Michael Myers,1995,26286,10987,,,,
matched,Hamilton House,2026,30526,1677102,,,,
matched,Hamlet,1948,41528,23383,,,,
matched,"Hammer: Heroes, Legends and Monsters",2024,40751,1325909,,,,
matched,Hamnet,2025,30430,858024,,,,
matched,Hana & Alice,2004,55926,27799,,,,
matched,The Handmaiden,2016,31034,290098,,,,
matched,The Hands of Orlac,1960,40626,80633,,,,
matched,Hands of Stone,2016,53774,184341,,,,
matched,Hands on a Hardbody: The Documentary,1997,52125,18603,,,,
matched,Hangman,2017,41475,323368,,,,
matched,The Hangover,2009,37545,18785,,,,
matched,The Hangover Part II,2011,37606,45243,,,,
matched,The Hangover Part III,2013,31935,109439,,,,
matched,Hannah Gadsby: Douglas,2020,47964,638706,,,,
matched,Hannah Gadsby: Nanette,2018,48206,529531,,,,
matched,Hannibal,2001,29975,9740,,,,
matched,Hannie Caulder,1971,41664,31283,,,,
matched,Hans Zimmer & Friends: Diamond in the Desert,2025,41726,1425725,,,,
matched,Hans Zimmer Live in Prague,2017,40215,435011,,,,
matched,Hanzo the Razor: Sword of Justice,1972,37135,17099,,,,
matched,Hanzo the Razor: The Snare,1973,36486,17128,,,,
matched,Hanzo the Razor: Who's Got the Gold?,1974,36504,17129,,,,
matched,Happiness,1965,38443,53023,,,,
matched,The Happiness of the Katakuris,2001,41923,16184,,,,
matched,Happy Death Day,2017,40791,440021,,,,
matched,Happy Feet,2006,43892,9836,,,,
matched,Happy Gilmore,1996,31613,9614,,,,
matched,Happy Gilmore 2,2025,31675,1263256,,,,
matched,The Happy Hooker Goes Hollywood,1980,37145,93576,,,,
matched,The Happy Hooker Goes to Washington,1977,31839,112058,,,,
matched,Happy Together,1997,38801,18329,,,,
matched,Harakiri,1962,31338,14537,,,,
matched,Hard Boiled,1992,38286,11782,,,,
matched,A Hard Day's Night,1964,44320,704,,,,
matched,Hard to Die,1990,36763,28339,,,,
matched,The Harder They Come,1972,44377,7514,,,,
matched,Harem Keeper of the Oil Sheiks,1976,37101,7392,,,,
matched,Harlan County U.S.A.,1976,52024,33324,,,,
matched,Harold and Maude,1971,42553,343,,,,
matched,Harry Potter and the Chamber of Secrets,2002,29624,672,,,,
matched,Harry Potter and the Deathly Hallows: Part 1,2010,29357,12444,,,,
matched,Harry Potter and the Deathly Hallows: Part 2,2011,31397,12445,,,,
matched,Harry Potter and the Goblet of Fire,2005,29369,674,,,,
matched,Harry Potter and the Half-Blood Prince,2009,29711,767,,,,
matched,Harry Potter and the Order of the Phoenix,2007,29340,675,,,,
matched,Harry Potter and the Prisoner of Azkaban,2004,29342,673,,,,
matched,Harry Potter and the Sorcerer's Stone,2001,30020,671,,,,
matched,Harry Styles. One Night in Manchester,2026,47847,1644807,,,,
matched,Hasan Minhaj: Homecoming King,2017,48166,458310,,,,
matched,Hasan Minhaj: The King's Jester,2022,48093,1023901,,,,
matched,The Hateful Eight,2015,46569,273248,,,,
matched,The Haunting,1963,45561,11772,,,,
matched,The Haunting of Julia,1978,46272,102283,,,,
matched,Häxan,1922,55942,57283,,,,
matched,Hayao Miyazaki and the Heron,2024,52398,1292585,,,,
matched,Head,1968,53015,18193,,,,
matched,The Heart Is a Lonely Hunter,1968,42780,22176,,,,
matched,The Heartbreak Kid,1972,46890,40687,,,,
matched,Hearts and Minds,1974,52304,42449,,,,
matched,Hearts of Darkness: A Filmmaker's Apocalypse,1991,52385,4539,,,,
matched,Heartstopper Forever,2026,54691,1468683,,,,
matched,Heat,1995,28739,949,,,,
matched,Heathers,1989,41054,2640,,,,
matched,Heatwave,2022,36946,928270,,,,
matched,Heavenly Bodies,1984,37174,77168,,,,
matched,Heavenly Creatures,1994,41835,1024,,,,
matched,Heavy Metal,1981,43051,11827,,,,
matched,The Heiress,1949,47051,28571,,,,
matched,Heist,2015,53850,336004,,,,
matched,Hell Drivers,1957,53702,44940,,,,
matched,Hell or High Water,2016,46334,338766,,,,
matched,Hellbound: Hellraiser II,1988,37718,9064,,,,
matched,Hellraiser,1987,36727,9003,,,,
matched,Hellraiser III: Hell on Earth,1992,37707,11569,,,,
matched,Hellraiser: Bloodline,1996,37683,8766,,,,
matched,Hellraiser: Deader,2005,37573,17455,,,,
matched,Hellraiser: Hellseeker,2002,37780,11246,,,,
matched,Hellraiser: Hellworld,2005,37577,12699,,,,
matched,Hellraiser: Inferno,2000,37583,12597,,,,
matched,Hellraiser: Judgment,2018,37588,444149,,,,
matched,Hellraiser: Revelations,2011,37576,70584,,,,
matched,Hells,2008,47652,129465,,,,
matched,The Help,2011,42106,50014,,,,
matched,Henry V,1944,45962,22638,,,,
matched,Hercules,1997,39842,11970,,,,
matched,Here and Elsewhere,1976,52299,26298,,,,
matched,Here Are the Young Men,2020,51684,540248,,,,
matched,Hereditary,2018,42735,493922,,,,
matched,Heretic,2024,43397,1138194,,,,
matched,The Heroic Trio,1993,43466,43636,,,,
matched,"Hi, Mom!",1970,55876,42589,,,,
matched,Hidden Figures,2016,39547,381284,,,,
matched,The Hidden Fortress,1958,38644,1059,,,,
matched,Hide and Seek,2005,54067,11096,,,,
matched,Hideout in the Sun,1960,36424,188434,,,,
matched,High and Low,1963,31280,12493,,,,
matched,High Noon,1952,46173,288,,,,
matched,High Plains Drifter,1973,47054,11901,,,,
matched,High School,1968,45201,60315,,,,
matched,High School Hellcats,1958,37169,62037,,,,
matched,High School Musical,2006,40643,10947,,,,
matched,High School Musical 2,2007,43120,13649,,,,
matched,High Sierra,1941,46188,27725,,,,
matched,High Society,1956,41378,11424,,,,
matched,High Tension,2003,42027,10226,,,,
matched,Highlander,1986,53751,8009,,,,
matched,Highlander II: The Quickening,1991,54528,8010,,,,
matched,"The Highschool Girl, the Devil, and the Holywater",1979,32015,127750,,,,
matched,The Hills Have Eyes,1977,45596,12262,,,,
matched,The Hills Have Eyes,2006,36428,9792,,,,
matched,The Hills Have Eyes 2,2007,37582,9793,,,,
matched,The Hired Hand,1971,42867,42522,,,,
matched,Hiroshima Mon Amour,1959,38413,5544,,,,
matched,His Girl Friday,1940,42806,3085,,,,
matched,Hitch-Hike,1977,41486,54523,,,,
matched,The Hitchhikers,1972,37252,214525,,,,
matched,The Hobbit: An Unexpected Journey,2012,37648,49051,,,,
matched,The Hobbit: The Battle of the Five Armies,2014,36313,122917,,,,
matched,The Hobbit: The Desolation of Smaug,2013,37464,57158,,,,
matched,Hocus Pocus,1993,39594,10439,,,,
matched,Hokum,2026,30304,1430077,,,,
matched,Hold Me While I'm Naked,1966,40809,86811,,,,
matched,The Holdovers,2023,38914,840430,,,,
matched,Holiday,1938,42618,16274,,,,
matched,The Holiday,2006,44592,1581,,,,
matched,Hollywood Chainsaw Hookers,1988,45307,27412,,,,
matched,Hombre,1967,41998,27945,,,,
matched,Home Alone,1990,43637,771,,,,
matched,Home Alone 2: Lost in New York,1992,47071,772,,,,
matched,The Home and the World,1985,53019,42092,,,,
matched,Homebound,2025,52890,1227739,,,,
matched,Homecoming: A Film by Beyoncé,2019,41903,593691,,,,
matched,Homework,1989,52011,145075,,,,
matched,Honeyland,2019,52325,566213,,,,
matched,Hoop Dreams,1994,51913,14275,,,,
matched,Hope,2013,38695,255709,,,,
matched,Hoppers,2026,30247,1327819,,,,
matched,Horny House of Horror,2010,43052,70000,,,,
matched,Horrible Bosses,2011,37605,51540,,,,
matched,Horrible Bosses 2,2014,36507,227159,,,,
matched,The Horrible Dr. Hichcock,1962,40333,42998,,,,
matched,Horror Castle,1963,41480,74215,,,,
matched,Horror Express,1972,41610,32613,,,,
matched,Horror Hotel,1960,41201,39890,,,,
matched,Horror of Dracula,1958,44403,11868,,,,
matched,The Horror of Frankenstein,1970,51870,3145,,,,
matched,Horus: Prince of the Sun,1968,47954,52686,,,,
matched,The Hospital,1971,53023,32082,,,,
matched,The Hot Box,1972,36365,97653,,,,
matched,Hot Fuzz,2007,43309,4638,,,,
matched,Hot Rods to Hell,1966,41821,40485,,,,
matched,The Hot Spot,1990,37797,14864,,,,
matched,Hotel Rwanda,2004,29035,205,,,,
matched,Hotel Transylvania,2012,43783,76492,,,,
matched,The Hound of the Baskervilles,1959,41426,11791,,,,
matched,Hour of the Wolf,1968,43965,18333,,,,
matched,The House Bunny,2008,51570,12620,,,,
matched,The House Is Black,1963,46504,44065,,,,
matched,House of Gucci,2021,54492,644495,,,,
matched,House of the Long Shadows,1983,41846,39164,,,,
matched,The House of the Lost on the Cape,2021,47979,760758,,,,
matched,House of Voices,2004,41035,21198,,,,
matched,House on Bare Mountain,1962,37261,67795,,,,
matched,The House on Carroll Street,1988,45983,75889,,,,
matched,The House That Dripped Blood,1971,41454,39261,,,,
matched,The House That Screamed,1969,40342,64624,,,,
matched,Housekeeping,1987,43283,65501,,,,
matched,The Housemaid,1960,47572,42506,,,,
matched,The Housemaid,2025,30264,1368166,,,,
matched,How Green Was My Valley,1941,44001,43266,,,,
matched,How the Grinch Stole Christmas,2000,40812,8871,,,,
matched,How to Lose a Guy in 10 Days,2003,41992,9919,,,,
matched,How to Make a Killing,2026,29271,467905,,,,
matched,How to Make Millions Before Grandma Dies,2024,38868,1103621,,,,
matched,How to Rob a Bank,2024,53765,1291143,,,,
matched,How to Seduce Your Teacher,1979,36458,151026,,,,
matched,How to Survive a Plague,2012,52316,84286,,,,
matched,How to Train Your Dragon,2010,30734,10191,,,,
matched,How to Train Your Dragon,2025,43081,1087192,,,,
matched,How to Train Your Dragon 2,2014,29684,82702,,,,
matched,How to Train Your Dragon: The Hidden World,2019,29953,166428,,,,
matched,The Howling,1981,51795,11298,,,,
matched,Howling II: ... Your Sister Is a Werewolf,1985,40865,29794,,,,
matched,Howling III,1987,51800,32595,,,,
matched,Howling IV: The Original Nightmare,1988,51784,38500,,,,
matched,Howling V: The Rebirth,1989,51798,35945,,,,
matched,Howling VI: The Freaks,1991,51794,36421,,,,
matched,The Howling: New Moon Rising,1995,51793,38499,,,,
matched,The Howling: Reborn,2011,51785,75623,,,,
matched,Hud,1963,45667,24748,,,,
matched,Hugo,2011,40921,44826,,,,
matched,Human,2015,52254,359364,,,,
matched,The Human Condition I: No Greater Love,1959,40496,31217,,,,
matched,The Human Condition II: Road to Eternity,1959,38766,34528,,,,
matched,The Human Condition III: A Soldier's Prayer,1961,38649,34530,,,,
matched,The Hunchback of Notre Dame,1939,46726,31685,,,,
matched,The Hunger Games,2012,40136,70160,,,,
matched,The Hunger Games: Catching Fire,2013,40286,101299,,,,
matched,The Hunger Games: Mockingjay - Part 1,2014,39989,131631,,,,
matched,The Hunger Games: Mockingjay - Part 2,2015,39956,131634,,,,
matched,The Hunger Games: The Ballad of Songbirds & Snakes,2023,41540,695721,,,,
matched,Hungry Hearts,2015,36615,283698,,,,
matched,The Hunt,2012,30628,103663,,,,
matched,The Hunt for Red October,1990,53750,1669,,,,
matched,The Hustler,1961,46925,990,,,,
matched,HyperNormalisation,2016,52308,419546,,,,
matched,I Am a Fugitive from a Chain Gang,1932,42645,29740,,,,
matched,I Am Cuba,1964,38266,32015,,,,
matched,I Am Duran,2019,55874,601313,,,,
matched,I Am Legend,2007,39795,6479,,,,
matched,I Am Not Your Negro,2017,51981,411019,,,,
matched,I Confess,1953,45410,30159,,,,
matched,I Dream in Another Language,2017,38448,355196,,,,
matched,I Know Where I'm Going!,1945,45721,56137,,,,
matched,I Lost My Body,2019,43663,586940,,,,
matched,I Saw the Devil,2010,39089,49797,,,,
matched,I Saw the TV Glow,2024,47018,858017,,,,
matched,I Spit on Your Grave,1978,40774,25239,,,,
matched,I Spit on Your Grave,2010,36788,43947,,,,
matched,I Spit on Your Grave 2,2013,37604,207768,,,,
matched,I Spit on Your Grave: Vengeance Is Mine,2015,37318,357096,,,,
matched,I Stand Alone,1998,40198,1567,,,,
matched,I Swear,2025,31321,1317149,,,,
matched,I Walked with a Zombie,1943,45417,27130,,,,
matched,"I, Monster",1971,40730,52941,,,,
matched,"I, Tonya",2017,46563,389015,,,,
matched,I.C.U.,2009,51347,61767,,,,
matched,I'm No Longer Here,2019,43400,582927,,,,
matched,I'm Still Here,2024,38723,1000837,,,,
matched,Iblard Time,2007,39038,21534,,,,
matched,Icarus,2017,52090,432976,,,,
matched,Ice Age,2002,43219,425,,,,
matched,Ice Age: Dawn of the Dinosaurs,2009,42432,8355,,,,
matched,Ice Age: The Meltdown,2006,42613,950,,,,
matched,If I Had Legs I'd Kick You,2025,52835,1160360,,,,
matched,If....,1968,41891,14794,,,,
matched,Ikiru,1952,30818,3782,,,,
matched,Ikka,2026,30333,1484913,,,,
matched,Il Posto,1961,43457,31742,,,,
matched,Il Sorpasso,1962,38765,24188,,,,
matched,Ilsa the Tigress of Siberia,1977,36315,28746,,,,
matched,Ilsa: She Wolf of the SS,1975,36436,20850,,,,
matched,Images,1972,41380,29449,,,,
matched,The Imitation Game,2014,39944,205596,,,,
matched,The Immoral Three,1975,36404,93179,,,,
matched,In a Lonely Place,1950,38361,17057,,,,
matched,In Cold Blood,1967,38651,18900,,,,
matched,In Darkness,2018,51937,417643,,,,
matched,In Fabric,2018,47218,475220,,,,
matched,In My Skin,2002,40194,1836,,,,
matched,In Our Time,1982,40563,130922,,,,
matched,In the Grey,2026,30417,1122573,,,,
matched,In the Hand of Dante,2025,54466,1020047,,,,
matched,In the Heat of the Night,1967,47183,10633,,,,
matched,In the Mood for Love,2000,38803,843,,,,
matched,In the Mouth of Madness,1994,42089,2654,,,,
matched,In the Name of the Father,1993,31206,7984,,,,
matched,In the Realm of the Senses,1976,47453,5879,,,,
matched,In This Corner of the World,2016,38347,378108,,,,
matched,Incendies,2010,31502,46738,,,,
matched,Inception,2010,29083,27205,,,,
matched,The Inconfessable Orgies of Emmanuelle,1982,37130,29535,,,,
matched,The Incredible Hulk,2008,25187,1724,,,,
matched,The Incredible Shrinking Man,1957,39282,31682,,,,
matched,The Incredibles,2004,31208,9806,,,,
matched,Incredibles 2,2018,29821,260513,,,,
matched,Independence Day,1996,30518,602,,,,
matched,Independence Day: Resurgence,2016,29386,47933,,,,
matched,India Song,1975,47124,85927,,,,
matched,Indiana Jones and the Dial of Destiny,2023,28160,335977,,,,
matched,Indiana Jones and the Kingdom of the Crystal Skull,2008,28172,217,,,,
matched,Indiana Jones and the Last Crusade,1989,28071,89,,,,
matched,Indiana Jones and the Temple of Doom,1984,28066,87,,,,
matched,Inferno,1980,40284,16395,,,,
matched,Inglourious Basterds,2009,30538,16869,,,,
matched,Inherent Vice,2014,39159,171274,,,,
matched,The Inheritance,1947,44635,52940,,,,
matched,Innocent Blood,1992,41905,27381,,,,
matched,The Innocents,1961,43536,16372,,,,
matched,Innocents in Paris,1953,40710,133181,,,,
matched,Inserts,1975,36985,32069,,,,
matched,Inside Llewyn Davis,2013,39131,86829,,,,
matched,Inside Out,2015,31068,150540,,,,
matched,Inside Out 2,2024,29486,1022789,,,,
matched,Insidious,2010,45090,49018,,,,
matched,Interactive Introverts,2018,40436,573443,,,,
matched,Interiors,1978,41822,15867,,,,
matched,Interlude,1957,40467,165935,,,,
matched,The Intern,2015,54117,257211,,,,
matched,Internal Affairs,1990,47301,11060,,,,
matched,Interstella 5555: The 5tory of the 5ecret 5tar 5ystem,2003,38313,11049,,,,
matched,Interstellar,2014,29273,157336,,,,
matched,The Interview,2014,51640,228967,,,,
matched,Into the Wild,2007,40248,5915,,,,
matched,Intolerance,1916,45963,3059,,,,
matched,The Intouchables,2011,30619,77338,,,,
matched,Inu-Oh,2021,47935,642538,,,,
matched,Inuyasha the Movie 2: The Castle Beyond the Looking Glass,2002,40542,22537,,,,
matched,Inuyasha the Movie 3: Swords of an Honorable Ruler,2003,42387,34295,,,,
matched,Inuyasha the Movie 4: Fire on the Mystic Island,2004,44746,34297,,,,
matched,Inuyasha the Movie: Affections Touching Across Time,2001,48142,42360,,,,
matched,Invasion of Astro-Monster,1965,25494,19545,,,,
matched,Invasion of the Bee Girls,1973,37222,27084,,,,
matched,Invasion of the Body Snatchers,1956,42129,11549,,,,
matched,Investigation of a Citizen Above Suspicion,1970,38712,26451,,,,
matched,The Invisible Man,1933,44999,10787,,,,
matched,The Invisible Man,2020,43922,570670,,,,
matched,Irezumi,1966,40934,35018,,,,
matched,The Irishman,2019,45482,398978,,,,
matched,The Iron Claw,2023,43445,850165,,,,
matched,The Iron Giant,1999,31437,10386,,,,
matched,Iron Man,2008,25100,1726,,,,
matched,Iron Man 2,2010,24964,10138,,,,
matched,Iron Man 3,2013,25058,68721,,,,
matched,The Iron Rose,1973,40340,84473,,,,
matched,Irrational Man,2015,51663,282984,,,,
matched,Irreversible,2002,41706,979,,,,
matched,Island of Terror,1966,41348,28763,,,,
matched,The Isle,2000,41562,8653,,,,
matched,Isle of Dogs,2018,45309,399174,,,,
matched,It,2017,44060,346364,,,,
matched,It Follows,2014,47389,270303,,,,
matched,It Happened One Night,1934,44703,3078,,,,
matched,It Was Just an Accident,2025,52897,1456349,,,,
matched,It: Chapter Two,2019,39915,474350,,,,
matched,It's a Gift,1934,47217,28001,,,,
matched,It's a Wonderful Life,1946,28903,1585,,,,
matched,"It's Never Over, Jeff Buckley",2025,52416,1400381,,,,
matched,It's Such a Beautiful Day,2012,38934,489412,,,,
matched,Italianamerican,1974,52096,91459,,,,
matched,"Ivan the Terrible, Part I",1944,46538,9797,,,,
matched,Ivan's Childhood,1962,38285,31442,,,,
matched,Jackass 2.5,2007,29650,14158,,,,
matched,Jackass 3.5,2011,29621,65851,,,,
matched,Jackass 3D,2010,29745,16290,,,,
matched,Jackass 4.5,2022,30059,828853,,,,
matched,Jackass Forever,2022,29760,656663,,,,
matched,Jackass Number Two,2006,29615,12094,,,,
matched,Jackass: The Movie,2002,29667,9012,,,,
matched,Jackie Brown,1997,43082,184,,,,
matched,Jackson County Jail,1976,37127,21950,,,,
matched,Jacqueline Novak: Get on Your Knees,2024,47967,1214980,,,,
matched,Jaguar Lives!,1979,41768,85602,,,,
matched,Jai Bhim,2021,31202,855400,,,,
matched,James Acaster: Cold Lasagne Hate Myself 1999,2020,42939,763274,,,,
matched,Jane,2017,52012,470819,,,,
matched,Jane B. by Agnès V.,1988,55897,53028,,,,
matched,Jane Fonda in Five Acts,2018,52185,490082,,,,
matched,January,2022,47525,916361,,,,
matched,Jason and the Argonauts,1963,46653,11533,,,,
matched,Jason Bourne,2016,28766,324668,,,,
matched,Jason Goes to Hell: The Final Friday,1993,26245,10285,,,,
matched,Jason X,2001,26197,11470,,,,
matched,Jaws,1975,30491,578,,,,
matched,Jaws 2,1978,30079,579,,,,
matched,Jaws 3-D,1983,30077,17692,,,,
matched,Jaws: The Revenge,1987,29861,580,,,,
matched,Jazz on a Summer's Day,1960,47970,53434,,,,
matched,The Jazz Singer,1927,41199,939,,,,
matched,"Jeanne Dielman, 23, quai du Commerce, 1080 Bruxelles",1975,38853,44012,,,,
matched,Jekyll and Hyde... Together Again,1982,37231,3028,,,,
matched,Jennifer's Body,2009,43533,19994,,,,
matched,Jenny Lamour,1947,43557,49842,,,,
matched,The Jerk,1979,45521,6471,,,,
matched,Jerrod Carmichael: Rothaniel,2022,47854,952326,,,,
matched,La Jetée,1962,55939,662,,,,
matched,Jezebel,1938,47173,1976,,,,
matched,Jigsaw,2017,37562,298250,,,,
matched,Jim Jefferies: Alcoholocaust,2010,47715,49505,,,,
matched,Jim Norton: Mouthful of Shame,2017,53760,446048,,,,
matched,Jimi Plays Monterey,1986,47851,26028,,,,
matched,Jin-Roh: The Wolf Brigade,1999,47729,823,,,,
matched,Jinnah,1998,40361,41614,,,,
matched,Jiro Dreams of Sushi,2011,52164,80767,,,,
matched,Jocks,1986,41453,67693,,,,
matched,Jodorowsky's Dune,2013,52128,191720,,,,
matched,Joe Pera: Slow & Steady,2023,55941,1179932,,,,
matched,John Candy: I Like Me,2025,52082,1492608,,,,
matched,John Dies at the End,2012,46712,75761,,,,
matched,John Early: Now More Than Ever,2023,47906,1111585,,,,
matched,John Mulaney: Baby J,2023,47910,1093247,,,,
matched,John Mulaney: Kid Gorgeous at Radio City,2018,47694,520594,,,,
matched,John Mulaney: New in Town,2012,47792,86705,,,,
matched,John Mulaney: The Comeback Kid,2015,48139,367735,,,,
matched,John Wick,2014,43857,245891,,,,
matched,John Wick: Chapter 2,2017,44275,324552,,,,
matched,John Wick: Chapter 3 - Parabellum,2019,41110,458156,,,,
matched,John Wick: Chapter 4,2023,47271,603692,,,,
matched,Johnny Guitar,1954,41976,26596,,,,
matched,Joint Security Area,2000,38784,2440,,,,
matched,Jojo Rabbit,2019,40107,515001,,,,
matched,Joker,2019,29164,475557,,,,
matched,Joker: Folie à Deux,2024,29539,889737,,,,
matched,Jonah Hex,2010,28271,41988,,,,
matched,Journey to Italy,1954,40737,2748,,,,
matched,Joy,2015,54190,274479,,,,
matched,Joyland,2022,38820,962571,,,,
matched,Joyride to Nowhere,1977,37215,98138,,,,
matched,Judge Priest,1934,44718,23024,,,,
matched,Judgment at Nuremberg,1961,29188,821,,,,
matched,Jules and Jim,1962,44716,1628,,,,
matched,Juliet of the Spirits,1965,44512,19120,,,,
matched,Julius Caesar,1970,40968,42592,,,,
matched,Jumanji,1995,44477,8844,,,,
matched,Jumanji: The Next Level,2019,44967,512200,,,,
matched,Jumanji: Welcome to the Jungle,2017,46292,353486,,,,
matched,The Jungle Book,1967,46706,9325,,,,
matched,The Jungle Book,2016,42878,278927,,,,
matched,Juno,2007,43704,7326,,,,
matched,Jurassic Park,1993,31069,329,,,,
matched,Jurassic Park III,2001,29297,331,,,,
matched,Jurassic World,2015,29299,135397,,,,
matched,Jurassic World: Dominion,2022,29903,507086,,,,
matched,Jurassic World: Fallen Kingdom,2018,30083,351286,,,,
matched,Jurassic World: Rebirth,2025,29934,1234821,,,,
matched,Juror #2,2024,40672,1106739,,,,
matched,Just Cause,1995,53731,9061,,,,
matched,Just Go with It,2011,42746,50546,,,,
matched,Justice League,2017,37050,141052,,,,
matched,Justice League Dark,2017,28233,408220,,,,
matched,Justice League vs. Teen Titans,2016,28279,379291,,,,
matched,Justice League vs. the Fatal Five,2019,28093,537059,,,,
matched,Justice League: Crisis on Two Earths,2010,28113,30061,,,,
matched,Justice League: Doom,2012,28076,76589,,,,
matched,Justice League: Gods and Monsters,2015,28095,323027,,,,
matched,Justice League: The Flashpoint Paradox,2013,28229,183011,,,,
matched,Justice League: The New Frontier,2008,28103,14011,,,,
matched,Justice League: Throne of Atlantis,2015,28259,297556,,,,
matched,Justice League: War,2014,28247,217993,,,,
matched,Kagemusha,1980,38707,11953,,,,
matched,Kaili Blues,2016,41215,362178,,,,
matched,Kamikaze Girls,2004,38962,26275,,,,
matched,The Karate Kid,1984,45548,1885,,,,
matched,The Karate Kid,2010,44498,38575,,,,
matched,Kate Berlant: Cinnamon in the Wind,2022,47764,1024961,,,,
matched,Katt Williams: The Pimp Chronicles Pt. 1,2006,47949,34515,,,,
matched,Kedi,2017,52320,392011,,,,
matched,Kes,1969,38691,13384,,,,
matched,KI・ME・RA,1996,47834,88799,,,,
matched,Kick-Ass,2010,41786,23483,,,,
matched,Kick-Heart,2013,38352,165718,,,,
matched,The Kid,1921,30995,10098,,,,
matched,The Kid Brother,1927,40492,16661,,,,
matched,The Kid Brother,1987,40551,261098,,,,
matched,Kill Bill: The Whole Bloody Affair,2025,31295,414419,,,,
matched,Kill Bill: Vol. 1,2003,31488,24,,,,
matched,Kill Bill: Vol. 2,2004,29538,393,,,,
matched,"Kill, Baby... Kill!",1966,40554,28049,,,,
matched,The Killer,1989,39069,10835,,,,
matched,The Killer,2023,45713,800158,,,,
matched,Killer Elite,2011,53934,49021,,,,
matched,Killer Force,1976,40341,82962,,,,
matched,Killer Nun,1979,37202,42211,,,,
matched,Killer of Sheep,1978,41429,27432,,,,
matched,The Killers,1946,45311,14638,,,,
matched,Killers of the Flower Moon,2023,44873,466420,,,,
matched,The Killing Kind,1973,45194,47678,,,,
matched,The Killing of a Chinese Bookie,1976,42404,32040,,,,
matched,The Killing of a Sacred Deer,2017,44449,399057,,,,
matched,Killing Season,2013,53766,77663,,,,
matched,Killing Them Softly,2012,44452,64689,,,,
matched,Kimagure Orange Road: I Want to Return to That Day,1988,47829,186383,,,,
matched,Kind Hearts and Coronets,1949,41387,11898,,,,
matched,Kinds of Kindness,2024,51571,1029955,,,,
matched,The King and the Mockingbird,1980,44987,22504,,,,
matched,King Kong,1933,40452,244,,,,
matched,King Kong vs. Godzilla,1962,25459,1680,,,,
matched,The King of Comedy,1982,38741,262,,,,
matched,The King of Kong: A Fistful of Quarters,2007,52210,13958,,,,
matched,King of the Hill,1993,44387,34024,,,,
matched,King of Thorn,2009,48060,50388,,,,
matched,The Kingdom of Dreams and Madness,2013,52278,252511,,,,
matched,Kingsman: The Golden Circle,2017,39687,343668,,,,
matched,Kingsman: The Secret Service,2015,46189,207703,,,,
matched,Kiss Me Deadly,1955,45868,18030,,,,
matched,Kiss Me Quick!,1964,37188,50973,,,,
matched,Kissed,1996,41684,21626,,,,
matched,The Kissing Booth,2018,45024,454983,,,,
matched,Kite,1998,46607,18881,,,,
matched,Klaus,2019,31016,508965,,,,
matched,Klute,1971,42245,466,,,,
matched,Knife of Ice,1972,41844,28488,,,,
matched,Knox Goes Away,2024,54470,972614,,,,
matched,Kong: Skull Island,2017,37427,293167,,,,
matched,Koyaanisqatsi,1982,43841,11314,,,,
matched,KPop Demon Hunters,2025,39612,803796,,,,
matched,Kramer vs. Kramer,1979,40758,12102,,,,
matched,Kraven the Hunter,2024,24108,539972,,,,
matched,Kumbalangi Nights,2019,38729,575351,,,,
matched,Kung Fu Panda,2008,43274,9502,,,,
matched,Kung Fu Panda 2,2011,47012,49444,,,,
matched,Kung Fu Panda 3,2016,44835,140300,,,,
matched,Kuroneko,1968,44343,40149,,,,
matched,Kwaidan,1964,38745,30959,,,,
matched,L.A. Confidential,1997,30738,2118,,,,
matched,L'Age d'Or,1930,55945,5729,,,,
matched,L'Argent,,53020,42112,,,,
matched,L'Atalante,1934,47196,43904,,,,
matched,L'Avventura,1960,46657,5165,,,,
matched,L'Eclisse,1962,41969,21135,,,,
matched,La La Land,2016,51477,313369,,,,
matched,The Ladies Man,1961,44640,28333,,,,
matched,Lady Bird,2017,45160,391713,,,,
matched,The Lady Eve,1941,45537,3086,,,,
matched,The Lady from Shanghai,1947,40362,3766,,,,
matched,Lady Gaga Presents: The Monster Ball Tour at Madison Square Garden,2011,48113,63513,,,,
matched,Lady Snowblood,1973,44696,2487,,,,
matched,The Lady Vanishes,1938,44388,940,,,,
matched,The Ladykillers,1955,40744,5506,,,,
matched,Land of Silence and Darkness,1971,52239,62437,,,,
matched,Landline,2017,36900,419459,,,,
matched,Landscape in the Mist,1988,38775,47795,,,,
matched,The Last Battle,1983,44769,19184,,,,
matched,Last Chants for a Slow Dance,1977,42303,97030,,,,
matched,The Last Days,1998,52020,20595,,,,
matched,The Last Duel,2021,42049,617653,,,,
matched,Last Exit to Brooklyn,1989,40942,12774,,,,
matched,The Last House on the Beach,1978,41960,91624,,,,
matched,The Last House on the Left,1972,41384,15516,,,,
matched,The Last House on the Left,2009,36984,18405,,,,
matched,The Last Laugh,1924,45723,5991,,,,
matched,The Last Metro,1980,43037,1716,,,,
matched,Last Night in Soho,2021,44717,576845,,,,
matched,The Last Picture Show,1971,38698,25188,,,,
matched,Last Tango in Paris,1972,43638,1643,,,,
matched,The Last Tycoon,1976,53839,37774,,,,
matched,The Last Unicorn,1982,41307,10150,,,,
matched,Last Vegas,2013,53865,137093,,,,
matched,The Last Voyage of the Demeter,2023,40695,635910,,,,
matched,The Last Waltz,1978,47821,13963,,,,
matched,The Last Wave,1977,45013,72277,,,,
matched,Last Year at Marienbad,1961,40941,4024,,,,
matched,The Last: Naruto the Movie,2014,43252,317442,,,,
matched,Late Night with the Devil,2023,42008,938614,,,,
matched,Late Shift,2025,52860,1356670,,,,
matched,Late Spring,1949,38940,20530,,,,
matched,Latin Blood – The Ballad of Ney Matogrosso,2025,52896,1212121,,,,
matched,The Laughing Woman,1969,40532,100812,,,,
matched,Laura,1944,45827,1939,,,,
matched,The Lavender Hill Mob,1951,47038,32961,,,,
matched,Lawrence of Arabia,1962,28926,947,,,,
matched,Lazer Team,2016,42415,279096,,,,
matched,Le Cercle Rouge,1970,38783,11657,,,,
matched,Le Million,1931,42348,32317,,,,
matched,Le Samouraï,1967,38977,5511,,,,
matched,Le Trou,1960,38267,29259,,,,
matched,The League of Extraordinary Gentlemen,2003,53740,8698,,,,
matched,The Leather Boys,1964,37195,140008,,,,
matched,Leatherface,2017,26168,300665,,,,
matched,Leatherface: Texas Chainsaw Massacre III,1990,26148,25018,,,,
matched,Leave No Trace,2018,39219,443463,,,,
matched,Leave the World Behind,2023,45660,726209,,,,
matched,Lee Cronin's The Mummy,2026,30368,1304313,,,,
matched,Left-Handed Girl,2025,52867,999075,,,,
matched,Legally Blonde,2001,39923,8835,,,,
matched,The Legend of Tarzan,2016,51363,258489,,,,
matched,Legend of the Galactic Heroes: My Conquest Is the Sea of Stars,1988,47842,154738,,,,
matched,Legend of the Galactic Heroes: Overture to a New War,1993,47354,154727,,,,
matched,The Lego Batman Movie,2017,25940,324849,,,,
matched,The Lego Movie,2014,43679,137106,,,,
matched,Léon: The Professional,1994,31053,101,,,,
matched,The Leopard,1963,47139,1040,,,,
matched,Les Miserables,1995,43743,48750,,,,
matched,Les Misérables,2012,31687,82695,,,,
matched,Les Misérables: The Staged Concert,2019,48148,653151,,,,
matched,Lessons of Darkness,1992,52283,53200,,,,
matched,Let Sleeping Corpses Lie,1974,46777,25627,,,,
matched,Let the Right One In,2008,42048,13310,,,,
matched,Let's Get Lost,1988,52077,37640,,,,
matched,Let's Scare Jessica to Death,1971,40590,16154,,,,
matched,Letter from an Unknown Woman,1948,45595,946,,,,
matched,A Letter to Momo,2012,48108,100271,,,,
matched,Li'l Spider Girl,2012,41728,126830,,,,
matched,Lianna,1983,53027,78177,,,,
matched,Licence to Kill,1989,25829,709,,,,
matched,The Lickerish Quartet,1970,31837,70422,,,,
matched,Licorice Pizza,2021,42128,718032,,,,
matched,The Life and Death of Colonel Blimp,1943,38852,25037,,,,
matched,The Life and Deaths of Christopher Lee,2024,41659,1174891,,,,
matched,Life Is Beautiful,1997,30584,637,,,,
matched,Life of Crime 1984-2020,2021,52105,854345,,,,
matched,The Life of Emile Zola,1937,46200,43278,,,,
matched,The Life of Oharu,1952,53013,43364,,,,
matched,Life of Pi,2012,47170,87827,,,,
matched,"Life, and Nothing More…",1992,38786,83761,,,,
matched,The Lighthouse,2019,43364,503919,,,,
matched,Lightyear,2022,36709,718789,,,,
matched,"Like Father, Like Son",2013,38604,177945,,,,
matched,Like Stars on Earth,2007,31138,7508,,,,
matched,Lilith Fair: Building a Mystery,2025,52118,1314862,,,,
matched,Lilo & Stitch,2002,55952,11544,,,,
matched,Lilya 4-ever,2002,42311,12093,,,,
matched,Limelight,1952,38461,28971,,,,
matched,Limit,1931,42600,8353,,,,
matched,Limitless,2011,54138,51876,,,,
matched,Linda and Abilene,1969,37270,158443,,,,
matched,Linda Linda Linda,2005,38945,27337,,,,
matched,Linda Lovelace for President,1975,37273,30826,,,,
matched,The Lineup,1958,46923,24508,,,,
matched,The Lion King,1994,31320,8587,,,,
matched,The Lion King,2019,46616,420818,,,,
matched,The Lion King 1½,2004,29682,11430,,,,
matched,The Lion King II: Simba's Pride,1998,29680,9732,,,,
matched,Lipstick,1976,41656,59809,,,,
matched,"Lisa, Lisa",1974,46617,56383,,,,
matched,Listen to Me Marlon,2015,52106,319076,,,,
matched,Little Amélie or the Character of Rain,2025,52887,682012,,,,
matched,Little Big Man,1970,45668,11040,,,,
matched,Little Brother,2026,30300,1397385,,,,
matched,Little Caesar,1931,40483,27899,,,,
matched,Little Darlings,1980,41218,27458,,,,
matched,Little Dieter Needs to Fly,1997,52173,57976,,,,
matched,Little Fockers,2010,54178,39451,,,,
matched,Little Girl,2020,52240,656274,,,,
matched,The Little Mermaid,1989,44988,10144,,,,
matched,Little Miss Sunshine,2006,38735,773,,,,
matched,The Little Prince and the Eight-Headed Dragon,1963,39066,84480,,,,
matched,A Little Princess,1995,40943,19101,,,,
matched,Little Shop of Horrors,1986,39109,10776,,,,
matched,The Little Stranger,2018,45356,455108,,,,
matched,Little Witch Academia: The Enchanted Parade,2015,45756,347413,,,,
matched,Little Women,2019,38506,331482,,,,
matched,Live and Let Die,1973,25859,253,,,,
matched,Live Free or Die Hard,2007,28217,1571,,,,
matched,The Lives of Others,2006,29049,582,,,,
matched,The Living Daylights,1987,25585,708,,,,
matched,The Living Dead Girl,1982,40900,77010,,,,
matched,A Lizard in a Woman's Skin,1971,41176,63025,,,,
matched,The Lobster,2015,41096,254320,,,,
matched,Lock Up,1989,31904,9972,,,,
matched,"Lock, Stock and Two Smoking Barrels",1998,31054,100,,,,
matched,The Lodger: A Story of the London Fog,1927,53024,2760,,,,
matched,The Loft,2014,40958,72784,,,,
matched,Logan,2017,25024,263115,,,,
matched,Lola,1961,45019,40641,,,,
matched,Lola Montès,1955,55910,35987,,,,
matched,Lolita,1962,44747,802,,,,
matched,London in the Raw,1964,37279,100179,,,,
matched,The Long Goodbye,1973,38476,1847,,,,
matched,The Long Walk,2025,30578,604079,,,,
matched,A Long Way from Home,2013,51946,201992,,,,
matched,The Longest Day,1962,53703,9289,,,,
matched,Longlegs,2024,42646,1226578,,,,
matched,The Look of Silence,2014,52391,267480,,,,
matched,Look What's Happened to Rosemary's Baby,1976,40838,117258,,,,
matched,The Lorax,2012,42755,73723,,,,
matched,The Lord of the Rings: The Fellowship of the Ring,2001,29613,120,,,,
matched,The Lord of the Rings: The Return of the King,2003,29864,122,,,,
matched,The Lord of the Rings: The Two Towers,2002,30175,121,,,,
matched,Lorne,2026,51473,1634949,,,,
matched,Los Angeles Plays Itself,2003,52272,38643,,,,
matched,The Lost Boys,1987,40199,1547,,,,
matched,The Lost Empire,1984,43819,100697,,,,
matched,Lost Highway,1997,30495,638,,,,
matched,Lost in Starlight,2025,52837,1165642,,,,
matched,Lost in Translation,2003,46821,153,,,,
matched,Lost Ladies,2024,30626,1163194,,,,
matched,Lost Soul,1977,41732,42768,,,,
matched,The Lost Weekend,1945,40623,28580,,,,
matched,The Lost World: Jurassic Park,1997,29669,330,,,,
matched,Louder Than Bombs,2015,47466,157827,,,,
matched,Louis C.K. 2017,2017,40486,449674,,,,
matched,Louis C.K. at the Dolby,2023,41628,1590552,,,,
matched,Louis C.K. Oh My God,2013,47997,185574,,,,
matched,Louis C.K.: Back to the Garden,2023,41049,1595885,,,,
matched,Louis C.K.: Chewed Up,2008,47896,30969,,,,
matched,Louis C.K.: Hilarious,2010,47733,45523,,,,
matched,Louis C.K.: Live at the Beacon Theater,2011,47711,80379,,,,
matched,Louis C.K.: Live at the Comedy Store,2015,41980,321594,,,,
matched,Louis C.K.: Shameless,2007,47928,24447,,,,
matched,Louis C.K.: Sorry,2021,41478,1318297,,,,
matched,Louis Theroux: The Settlers,2025,52397,1466013,,,,
matched,Louisiana Story,1948,40282,70447,,,,
matched,Loulou,1980,51882,39415,,,,
matched,Loups=Garous,2010,48008,56362,,,,
matched,Love Actually,2003,45728,508,,,,
matched,Love and Death on Long Island,1997,40634,47452,,,,
matched,Love Camp,1977,31835,86508,,,,
matched,Love Camp 7,1969,37217,28652,,,,
matched,Love Exposure,2008,38688,28422,,,,
matched,Love Letter,1995,38620,47002,,,,
matched,Love Me Deadly,1973,40533,91627,,,,
matched,Love Me Tonight,1932,45706,31532,,,,
matched,Love Meetings,2004,52163,42733,,,,
matched,Love on the Run,1979,41609,259,,,,
matched,Love Streams,1984,38379,52109,,,,
matched,"Love, Antosha",2019,51708,565276,,,,
matched,"Love, Deutschmarks and Death",2022,52343,928350,,,,
matched,"Love, Simon",2018,45763,449176,,,,
matched,The Loved Ones,2009,41431,46420,,,,
matched,The Lovers on the Bridge,1991,38861,2767,,,,
matched,Lu Over the Wall,2017,47941,436120,,,,
matched,Luca,2021,43578,508943,,,,
matched,Lucia,1968,55933,88591,,,,
matched,Lucy,2014,39725,240832,,,,
matched,Lupin III: Missed by a Dollar,2000,41583,31053,,,,
matched,Lupin the Third: Blood Seal of the Eternal Mermaid,2011,41631,80405,,,,
matched,Lupin the Third: Dead or Alive,1996,41595,31050,,,,
matched,Lupin the Third: Dragon of Doom,1994,40566,51943,,,,
matched,Lupin the Third: Island of Assassins,1997,41487,31599,,,,
matched,Lupin the Third: Jigen's Gravestone,2014,43496,260516,,,,
matched,Lupin the Third: Prison of the Past,2019,41438,641909,,,,
matched,Lupin the Third: The Columbus Files,1999,41842,31594,,,,
matched,Lupin the Third: The Fuma Conspiracy,1987,47713,50482,,,,
matched,Lupin the Third: The Legend of the Gold of Babylon,1985,47697,32873,,,,
matched,Lupin the Third: The Mystery of Mamo,1978,47950,30143,,,,
matched,Lupin the Third: The Secret of Twilight Gemini,1996,40754,53894,,,,
matched,Lupin the Third: Tokyo Crisis,1998,40733,31595,,,,
matched,Lupin the Third: Voyage to Danger,1993,41461,76190,,,,
matched,M,1931,31031,832,,,,
matched,M*A*S*H,1970,39313,651,,,,
matched,M3GAN,2022,44332,536554,,,,
matched,Macario,1960,38768,122019,,,,
matched,Macbeth,1971,44162,11316,,,,
matched,Machete,2010,54171,23631,,,,
matched,Macross II: Lovers Again,1992,41754,1098523,,,,
matched,Macross Plus: The Movie,1995,47838,18837,,,,
matched,Macross: Do You Remember Love?,1984,47845,14132,,,,
matched,Mad Dog and Glory,1993,53844,10433,,,,
matched,Mad God,2021,44261,846867,,,,
matched,The Mad Masters,1955,46080,84820,,,,
matched,Mad Max,1979,29852,9659,,,,
matched,Mad Max: Beyond Thunderdome,1985,29857,9355,,,,
matched,Mad Max: Fury Road,2015,30640,76341,,,,
matched,Madagascar,2005,45709,953,,,,
matched,Madagascar: Escape 2 Africa,2008,43662,10527,,,,
matched,Madame Web,2024,24247,634492,,,,
matched,Made in England: The Films of Powell and Pressburger,2024,52017,1139072,,,,
matched,Madeleine,1950,41767,46995,,,,
matched,Mademoiselle,1966,40530,36457,,,,
matched,The Magic Christian,1969,40441,24152,,,,
matched,Magic in the Moonlight,2014,51655,229297,,,,
matched,The Magnificent Ambersons,1942,44552,965,,,,
matched,Magnolia,1999,38930,334,,,,
matched,Maharaja,2024,30799,1118224,,,,
matched,Mahjong,1996,41624,54421,,,,
matched,Maid in Sweden,1971,37138,47570,,,,
matched,La Maison en Petits Cubes,2008,47673,20722,,,,
matched,Make Way for Tomorrow,1937,43483,41059,,,,
matched,Malcolm X,1992,38666,1883,,,,
matched,Maleficent,2014,39804,102651,,,,
matched,Mallrats,1995,54697,2293,,,,
matched,The Maltese Falcon,1941,44086,963,,,,
matched,Mama's Dirty Girls,1974,37166,300816,,,,
matched,Mamma Mia!,2008,43059,11631,,,,
matched,Mamma Mia! Here We Go Again,2018,44161,458423,,,,
matched,Mammal,2016,36681,371462,,,,
matched,A Man Escaped,1956,38966,15244,,,,
matched,Man Facing Southeast,1986,46457,48797,,,,
matched,The Man from Elysian Fields,2001,37013,15720,,,,
matched,The Man from Laramie,1955,46823,18264,,,,
matched,The Man from U.N.C.L.E.,2015,36906,203801,,,,
matched,The Man in Grey,1943,42403,41996,,,,
matched,The Man in the White Suit,1951,53008,32568,,,,
matched,Man of Iron,1981,41464,225,,,,
matched,Man of Marble,1977,43284,224,,,,
matched,Man of Steel,2013,25871,49521,,,,
matched,Man of the West,1958,41718,14674,,,,
matched,Man of War,2026,30301,1705729,,,,
matched,Man on a Swing,1974,40277,131437,,,,
matched,Man on the Run,2026,52213,1260643,,,,
matched,The Man Who Could Cheat Death,1959,41372,28770,,,,
matched,The Man Who Fell to Earth,1976,41536,991,,,,
matched,The Man Who Knew Too Much,1956,46458,574,,,,
matched,The Man Who Laughs,1928,45208,27517,,,,
matched,The Man Who Planted Trees,1987,43399,49565,,,,
matched,The Man Who Shot Liberty Valance,1962,38828,11697,,,,
matched,The Man Who Sleeps,1974,47988,104086,,,,
matched,The Man Who Wasn't There,2001,43119,10778,,,,
matched,The Man Who Would Be King,1975,41982,983,,,,
matched,Man with a Movie Camera,1929,42188,26317,,,,
matched,The Man with the Golden Arm,1955,42801,541,,,,
matched,The Man with the Golden Gun,1974,25842,682,,,,
matched,Manchester by the Sea,2016,42525,334541,,,,
matched,The Manchurian Candidate,1962,44586,982,,,,
matched,Manderlay,2005,41191,1951,,,,
matched,Mandy,2018,44565,460885,,,,
matched,Manhattan,1979,42790,696,,,,
matched,Manila in the Claws of Light,1975,46934,70580,,,,
matched,Marathon Man,1976,44141,10518,,,,
matched,Marcel the Shell with Shoes On,2022,38708,869626,,,,
matched,Margaret,2011,46842,44754,,,,
matched,Marie Antoinette,2006,42574,1887,,,,
matched,Marketa Lazarová,1967,55946,25904,,,,
matched,Marmaduke,2010,51525,38579,,,,
matched,Marnie,1964,41796,506,,,,
matched,The Marriage of Maria Braun,1979,39342,661,,,,
matched,Marriage Story,2019,44679,492188,,,,
matched,Marrowbone,2017,51679,399366,,,,
matched,Mars Attacks!,1996,39178,75,,,,
matched,Marshland,2014,46703,236735,,,,
matched,The Martian,2015,31686,286217,,,,
matched,Marty,1955,42269,15919,,,,
matched,Marty Supreme,2025,45195,1317288,,,,
matched,"Marty, Life Is Short",2026,52079,1620034,,,,
matched,Martyrs,2008,41831,9539,,,,
matched,Marvel One-Shot: A Funny Thing Happened on the Way to Thor's Hammer,2011,25524,76535,,,,
matched,Marvel One-Shot: Agent Carter,2013,24680,211387,,,,
matched,Marvel One-Shot: All Hail the King,2014,24636,253980,,,,
matched,Marvel One-Shot: Item 47,2012,24170,119569,,,,
matched,Marvel One-Shot: The Consultant,2011,24709,76122,,,,
matched,The Marvels,2023,24244,609681,,,,
matched,Marvin's Room,1996,53916,9819,,,,
matched,Mary and Max,2009,30844,24238,,,,
matched,Mary and The Witch's Flower,2017,47696,430447,,,,
matched,Mary Poppins,1964,45032,433,,,,
matched,Mary Poppins Returns,2018,55711,400650,,,,
matched,Mary Queen of Scots,2018,51392,457136,,,,
matched,Mary Shelley's Frankenstein,1994,53996,3036,,,,
matched,Masculin Féminin,1966,55950,4710,,,,
matched,The Mask,1994,46941,854,,,,
matched,The Masque of the Red Death,1964,42509,25319,,,,
matched,Masseuse 3,1998,43777,116570,,,,
matched,Master and Commander: The Far Side of the World,2003,39181,8619,,,,
matched,Matangi/Maya/M.I.A,2018,52143,493106,,,,
matched,Materialists,2025,46167,1136867,,,,
matched,Matilda,1996,41694,10830,,,,
matched,Matinee,1993,42921,25389,,,,
matched,The Matrix,1999,29244,603,,,,
matched,The Matrix Reloaded,2003,30046,604,,,,
matched,The Matrix Resurrections,2021,29794,624860,,,,
matched,The Matrix Revolutions,2003,30005,605,,,,
matched,MaXXXine,2024,41742,1023922,,,,
matched,May,2002,44021,10894,,,,
matched,Mayhem Requiem Apple Music Special,2026,47904,1693346,,,,
matched,The Maze Runner,2014,39844,198663,,,,
matched,Maze Runner: The Death Cure,2018,39380,336843,,,,
matched,Maze Runner: The Scorch Trials,2015,39508,294254,,,,
matched,McCabe & Mrs. Miller,1971,38459,29005,,,,
matched,Me and My Gal,1932,46841,84337,,,,
matched,Me Before You,2016,42805,296096,,,,
matched,Mean Girls,2004,43050,10625,,,,
matched,Mean Streets,1973,43974,203,,,,
matched,Meatcleaver Massacre,1977,40632,119170,,,,
matched,The Mechanic,2011,37712,27582,,,,
matched,Mechanic: Resurrection,2016,36905,278924,,,,
matched,Medicine Man,1992,54530,9096,,,,
matched,Meet Me in St. Louis,1944,42408,909,,,,
matched,Meet the Feebles,1989,53031,8216,,,,
matched,Meet the Fockers,2004,54163,693,,,,
matched,Meet the Parents,2000,54111,1597,,,,
matched,Megamind,2010,39927,38055,,,,
matched,Megazone 23,1985,47940,155017,,,,
matched,Meiyazhagan,2024,38795,1136423,,,,
matched,Mellow Mud,2016,41692,382913,,,,
matched,Memento,2000,29010,77,,,,
matched,Memoir of a Snail,2024,38479,1064486,,,,
matched,Memoirs of an Invisible Man,1992,52946,2687,,,,
matched,Memories,1995,47771,42994,,,,
matched,Memories of Me,1988,53694,107569,,,,
matched,Memories of Murder,2003,30724,11423,,,,
matched,Memories of Underdevelopment,1968,41061,47576,,,,
matched,Men in Black,1997,43458,607,,,,
matched,Men in Black II,2002,43232,608,,,,
matched,Men of Honor,2000,54057,11978,,,,
matched,The Menu,2022,44860,593643,,,,
matched,Menus-Plaisirs - Les Troisgros,2023,52136,1077050,,,,
matched,Mermaid Legend,1984,41695,167439,,,,
matched,Merry Little Batman,2023,42193,870358,,,,
matched,Meshes of the Afternoon,1943,40536,27040,,,,
matched,Metropolis,1927,31010,19,,,,
matched,Metropolis,2001,47989,9606,,,,
matched,The Meyerowitz Stories,2017,43285,396398,,,,
matched,Mia and the White Lion,2018,55371,498248,,,,
matched,Miami Blues,1990,43631,14931,,,,
matched,Michael,2026,30527,936075,,,,
matched,Mickey 17,2025,44319,696506,,,,
matched,Microcosmos,1996,51970,9305,,,,
matched,Mid90s,2018,46785,437586,,,,
matched,Midnight Cowboy,1969,45525,3116,,,,
matched,Midnight Express,1978,36998,11327,,,,
matched,Midnight in Paris,2011,39774,59436,,,,
matched,Midnight Run,1988,54165,9013,,,,
matched,Midori,1992,47953,53064,,,,
matched,Midsommar,2019,39252,530385,,,,
matched,Mike Birbiglia: My Girlfriend's Boyfriend,2013,47769,216652,,,,
matched,Mike Birbiglia: The New One,2019,47956,642739,,,,
matched,Mike Birbiglia: The Old Man and the Pool,2023,47961,1199400,,,,
matched,Mildred Pierce,1945,45017,3309,,,,
matched,Millennium Actress,2001,38949,33320,,,,
matched,Million Dollar Baby,2004,31194,70,,,,
matched,Mind Game,2004,38968,21712,,,,
matched,Minding the Gap,2018,52411,489985,,,,
matched,A Minecraft Movie,2025,43264,950387,,,,
matched,The Mini-Skirt Mob,1968,37295,79969,,,,
matched,Minions,2015,29869,211672,,,,
matched,Minions: The Rise of Gru,2022,30085,438148,,,,
matched,Minority Report,2002,31776,180,,,,
matched,Mio in the Land of Faraway,1987,41287,14499,,,,
matched,Mishima: A Life in Four Chapters,1985,39037,27064,,,,
matched,Miss Americana,2020,52287,653567,,,,
matched,Miss Hokusai,2015,47835,267970,,,,
matched,Miss Peregrine's Home for Peculiar Children,2016,39479,283366,,,,
matched,The Mission,1986,53929,11416,,,,
matched,Mission: Impossible,1996,20921,954,,,,
matched,Mission: Impossible - Fallout,2018,21021,353081,,,,
matched,Mitski: The Land,2025,47901,1543360,,,,
matched,Mixed Blood,1984,52987,86458,,,,
matched,Moana,2016,30311,277834,,,,
matched,Moana 2,2024,29507,1241982,,,,
matched,Mobile Suit Gundam I,1981,48036,39228,,,,
matched,Mobile Suit Gundam II: Soldiers of Sorrow,1981,47992,39229,,,,
matched,Mobile Suit Gundam III: Encounters in Space,1982,47816,39230,,,,
matched,Mobile Suit Gundam: Char's Counterattack,1988,48023,16157,,,,
matched,Model Shop,1969,43266,85942,,,,
matched,Modern Romance,1981,45033,63443,,,,
matched,Modern Times,1936,30803,3082,,,,
matched,Modest Heroes,2018,47918,514710,,,,
matched,The Molly Maguires,1970,53700,42345,,,,
matched,A Moment of Innocence,1996,39003,43976,,,,
matched,Mommy,2014,38659,265177,,,,
matched,Mon Oncle,1958,45557,427,,,,
matched,Mondo Keyhole,1966,37157,120226,,,,
matched,Mondo Topless,1966,37177,5726,,,,
matched,Moneyball,2011,42850,60308,,,,
matched,Mononoke the Movie: Chapter II - The Ashes of Rage,2025,40206,1322218,,,,
matched,Monsieur Hulot's Holiday,1953,47527,778,,,,
matched,Monsieur Verdoux,1947,44759,30588,,,,
matched,Monster,2003,28753,504,,,,
matched,Monster,2023,38662,1050035,,,,
matched,A Monster Calls,2016,44645,258230,,,,
matched,Monster House,2006,39636,9297,,,,
matched,Monsters University,2013,29463,62211,,,,
matched,"Monsters, Inc.",2001,31096,585,,,,
matched,Monterey Pop,1968,48169,42632,,,,
matched,Monty Python and the Holy Grail,1975,30202,762,,,,
matched,Monty Python's Life of Brian,1979,42913,583,,,,
matched,Moonage Daydream,2022,52284,957457,,,,
matched,Moonlight,2016,38269,376867,,,,
matched,Moonlighting Wives,1966,36366,71581,,,,
matched,Moonraker,1979,25576,698,,,,
matched,Moonrise Kingdom,2012,45423,83666,,,,
matched,Morbius,2022,24110,526896,,,,
matched,More,1969,40180,21323,,,,
matched,The More the Merrier,1943,43833,80616,,,,
matched,Morgan,2016,51279,377264,,,,
matched,Mortal Kombat,2021,25302,460465,,,,
matched,Mortal Kombat II,2026,25216,931285,,,,
matched,The Mortal Storm,1940,45656,989,,,,
matched,A Most Violent Year,2014,45536,241239,,,,
matched,Mother,2009,43452,30018,,,,
matched,The Mother and the Whore,1973,40345,48693,,,,
matched,Mother India,1957,43821,917,,,,
matched,Mother!,2017,44773,381283,,,,
matched,Mothra vs. Godzilla,1964,25499,1682,,,,
matched,Moulin Rouge,1952,40236,10910,,,,
matched,Mountains of the Moon,1990,40959,33796,,,,
matched,Movie 43,2013,51539,87818,,,,
matched,The Movie Orgy,1968,41404,125960,,,,
matched,Mr. & Mrs. Smith,2005,55938,787,,,,
matched,Mr. Deeds Goes to Town,1936,47265,24807,,,,
matched,Mr. Holmes,2015,46414,280996,,,,
matched,Mr. Smith Goes to Washington,1939,28841,3083,,,,
matched,Mr. Teas and His Playthings,1959,37124,5648,,,,
matched,Mrs. Doubtfire,1993,42694,788,,,,
matched,Mrs. Miniver,1942,42912,27367,,,,
matched,Ms .45,1981,41314,22171,,,,
matched,Mud,2013,45761,103731,,,,
matched,Mudhoney,1965,37294,5719,,,,
matched,Mufasa: The Lion King,2024,55157,762509,,,,
matched,Mulan,1998,38603,10674,,,,
matched,Mulan II,2004,41405,12242,,,,
matched,Mulholland Drive,2001,47648,1018,,,,
matched,The Mummy,1959,40647,18990,,,,
matched,The Mummy,1999,39615,564,,,,
matched,The Muppet Movie,1979,46267,11176,,,,
matched,Mur Murs,1981,52121,230048,,,,
matched,Murder by Contract,1958,46460,18930,,,,
matched,Murder on the Orient Express,1974,53748,4176,,,,
matched,Murder Story,1989,41181,294912,,,,
matched,"Murder, My Sweet",1944,46716,1834,,,,
matched,Murmur of the Heart,1971,41614,42501,,,,
matched,Musashi: The Dream of the Last Samurai,2009,47984,53012,,,,
matched,The Music Box,1932,46139,44892,,,,
matched,Music by John Williams,2024,42422,1076708,,,,
matched,The Music Room,1958,40488,822,,,,
matched,Mustang,2015,38606,336804,,,,
matched,Mutiny on the Bounty,1935,46326,12311,,,,
matched,My Best Fiend,1999,51980,8672,,,,
matched,My Brilliant Career,1979,44680,16659,,,,
matched,My Darling Clementine,1946,43423,3088,,,,
matched,My Fair Lady,1964,39289,11113,,,,
matched,My Father and My Son,2005,30639,13393,,,,
matched,My Father's Shadow,2025,38537,1432605,,,,
matched,My Favorite Shapes by Julio Torres,2019,51558,612392,,,,
matched,My Favorite War,2020,46717,706716,,,,
matched,My Life as a Zucchini,2016,38632,393559,,,,
matched,My Love Affair with Marriage,2023,43627,559707,,,,
matched,My Man Godfrey,1936,44130,13562,,,,
matched,My Mom Jayne,2025,52247,1461714,,,,
matched,My Night at Maud's,1969,38393,48831,,,,
matched,My Winnipeg,2007,52184,13241,,,,
matched,Mysterious Skin,2004,38867,11171,,,,
matched,Nadja,1994,40646,34574,,,,
matched,The Naked Cage,1986,36441,42030,,,,
matched,The Naked Kiss,1964,37242,26031,,,,
matched,The Naked Spur,1953,45945,20442,,,,
matched,Naked Weapon,2002,43244,10855,,,,
matched,The Name of the Rose,1986,53742,192,,,,
matched,Nanny,2022,42074,843932,,,,
matched,Nanook of the North,1922,43424,669,,,,
matched,Napoleon,1927,44871,42536,,,,
matched,Napoleon Dynamite,2004,44002,8193,,,,
matched,Naruto Shippuden the Movie,2007,44710,20982,,,,
matched,Naruto Shippuden the Movie: Bonds,2008,41178,17581,,,,
matched,Naruto Shippuden the Movie: The Lost Tower,2010,43727,50723,,,,
matched,Naruto the Movie: Guardians of the Crescent Moon Kingdom,2006,44678,18861,,,,
matched,Naruto the Movie: Legend of the Stone of Gelel,2005,43358,16910,,,,
matched,Naruto the Movie: Ninja Clash in the Land of Snow,2004,47637,16907,,,,
matched,Nashville,1975,38541,3121,,,,
matched,Natalie Palamides: Nate - A One Man Show,2020,48136,767809,,,,
matched,Naughty Co-Eds,1974,36438,70628,,,,
matched,The Naughty Stewardesses,1973,37803,95563,,,,
matched,Ne Zha II,2025,52894,980477,,,,
matched,Neal Brennan: 3 Mics,2017,47820,435351,,,,
matched,Near Dark,1987,41532,11879,,,,
matched,Necessary Evil: Super-Villains of DC Comics,2013,41270,229979,,,,
matched,Nekromantik,1988,41930,11822,,,,
matched,Nekromantik 2,1991,47019,48636,,,,
matched,Neo Tokyo,1987,38314,37433,,,,
matched,The Netflix Afterparty: The Best Shows of the Worst Year,2020,51662,775821,,,,
matched,Network,1976,38802,10774,,,,
matched,Never Say Never Again,1983,25809,36670,,,,
matched,A New Leaf,1971,42405,36850,,,,
matched,The New Mutants,2020,24338,340102,,,,
matched,New Nightmare,1994,26102,11596,,,,
matched,New Tale of Zatoichi,1963,22048,18510,,,,
matched,New Year's Eve,2011,53973,62838,,,,
matched,"New York, New York",1977,54219,12637,,,,
matched,Newness,2017,36949,434203,,,,
matched,News from Home,1976,52282,86814,,,,
matched,Niagara,1953,40775,19997,,,,
matched,Nice Dreams,1981,53000,20075,,,,
matched,The Nice Guys,2016,45030,290250,,,,
matched,Night Ambush,1957,40874,54797,,,,
matched,Night and Fog,1956,44518,803,,,,
matched,Night at the Museum,2006,42849,1593,,,,
matched,A Night at the Opera,1935,45026,37719,,,,
matched,"Night Is Short, Walk On Girl",2017,38976,430214,,,,
matched,A Night of Knowing Nothing,2022,52014,838145,,,,
matched,Night of the Big Heat,1967,41611,54801,,,,
matched,Night of the Blood Monster,1970,41388,42591,,,,
matched,The Night of the Hunted,1980,41483,29565,,,,
matched,The Night of the Hunter,1955,38961,3112,,,,
matched,Night of the Living Dead,1968,42088,10331,,,,
matched,The Night of the Shooting Stars,1982,44634,42130,,,,
matched,Night on the Galactic Railroad,1985,41751,37585,,,,
matched,The Night Porter,1974,41439,26648,,,,
matched,The Night Stalker,1972,40545,15360,,,,
matched,A Night to Remember,1958,53697,10971,,,,
matched,Night Train to Lisbon,2013,40591,160139,,,,
matched,Nightcrawler,2014,43726,242582,,,,
matched,Nightmare Alley,1947,43639,19169,,,,
matched,The Nightmare Before Christmas,1993,47197,9479,,,,
matched,A Nightmare on Elm Street,1984,26176,377,,,,
matched,A Nightmare on Elm Street,2010,26105,23437,,,,
matched,A Nightmare on Elm Street 3: Dream Warriors,1987,26183,10072,,,,
matched,A Nightmare on Elm Street 4: The Dream Master,1988,28179,10131,,,,
matched,A Nightmare on Elm Street Part 2: Freddy's Revenge,1985,26244,10014,,,,
matched,A Nightmare on Elm Street: The Dream Child,1989,26201,10160,,,,
matched,Nights of Cabiria,1957,38931,19426,,,,
matched,Nine Queens,2000,38610,18079,,,,
matched,Ninja III: The Domination,1984,40572,28148,,,,
matched,Ninotchka,1939,45822,1859,,,,
matched,The Ninth Configuration,1980,45943,18910,,,,
matched,Nirvana: Live at the Paramount,2011,48022,75107,,,,
matched,Nirvanna the Band the Show the Movie,2025,38856,1154538,,,,
matched,No Country for Old Men,2007,30711,6977,,,,
matched,No Direction Home: Bob Dylan,2005,52243,19082,,,,
matched,No Hard Feelings,2023,39836,884605,,,,
matched,No One Will Save You,2023,43822,820609,,,,
matched,No Other Choice,2025,52893,639988,,,,
matched,No Other Land,2024,52302,1232493,,,,
matched,No Rest for the Wicked,2011,40745,76013,,,,
matched,No Sudden Move,2021,45216,649409,,,,
matched,No Telling,1991,41479,3209,,,,
matched,No Time to Die,2021,25663,370172,,,,
matched,Noah Kahan: Out of Body,2026,52004,1492341,,,,
matched,Nobody Knows,2004,38767,2517,,,,
matched,Nobu,2025,53825,1340612,,,,
matched,Nope,2022,46390,762504,,,,
matched,Norm Macdonald: Me Doing Standup,2011,47728,60233,,,,
matched,Norm Macdonald: Nothing Special,2022,48029,975088,,,,
matched,Normal,2026,29231,1242332,,,,
matched,North by Northwest,1959,31122,213,,,,
matched,The Northman,2022,42312,639933,,,,
matched,Nosferatu,1922,44690,653,,,,
matched,Nosferatu,2024,45167,426063,,,,
matched,Nosferatu the Vampyre,1979,44619,6404,,,,
matched,Nostalgia for the Light,2010,51971,72721,,,,
matched,The Notebook,2004,41014,11036,,,,
matched,Nothing But the Night,1973,41111,29596,,,,
matched,Nothing to Lose,2026,36834,1710008,,,,
matched,Notorious,1946,46183,303,,,,
matched,La Notte,1961,38829,41050,,,,
matched,Notting Hill,1999,45929,509,,,,
matched,Now You See Me,2013,39863,75656,,,,
matched,Now You See Me 2,2016,45565,291805,,,,
matched,"Now, Voyager",1942,44093,32847,,,,
matched,Nude on the Moon,1961,37281,50977,,,,
matched,The Nude Vampire,1970,37806,22480,,,,
matched,The Nun and the Devil,1973,31834,105865,,,,
matched,Nuremberg,2025,30242,1214931,,,,
matched,The Nutty Professor,1963,44633,18331,,,,
matched,Nymphomaniac: Vol. I,2013,36951,258216,,,,
matched,Nymphomaniac: Vol. II,2013,36710,249397,,,,
matched,O.J.: Made in America,2016,52000,377462,,,,
matched,Oasis: Supersonic,2016,52093,412924,,,,
matched,Oblivion,2013,36810,75612,,,,
matched,The Oblong Box,1969,41625,55152,,,,
matched,Obsession,1943,40817,5155,,,,
matched,Obsession,,30299,1339713,,,,
matched,Ocean with David Attenborough,2025,52376,1448497,,,,
matched,Ocean's Eight,2018,40413,402900,,,,
matched,Ocean's Eleven,2001,31619,161,,,,
matched,Ocean's Thirteen,2007,28814,298,,,,
matched,Ocean's Twelve,2004,31582,163,,,,
matched,Octopussy,1983,25581,700,,,,
matched,Odd Man Out,1947,47378,43461,,,,
matched,The Offence,1973,53704,32615,,,,
matched,Oklahoma!,1955,44400,13936,,,,
matched,The Old Dark House,1932,43467,31592,,,,
matched,Old Henry,2021,30478,785663,,,,
matched,Oldboy,2003,29033,670,,,,
matched,Olga's House of Shame,1964,36403,30810,,,,
matched,Oliver Twist,1948,42158,10949,,,,
matched,Olivia Rodrigo: GUTS World Tour,2024,47674,1365141,,,,
matched,Olympia Part One: Festival of the Nations,1938,46407,677,,,,
matched,Olympia Part Two: Festival of Beauty,1938,43146,685,,,,
matched,On Her Majesty's Secret Service,1969,25762,668,,,,
matched,On the Town,1949,41618,31516,,,,
matched,On the Waterfront,1954,30638,654,,,,
matched,On-Gaku: Our Sound,2021,48101,626767,,,,
matched,Once Upon a Spy,1980,40826,109636,,,,
matched,Once Upon a Time in America,1984,31246,311,,,,
matched,Once Upon a Time in Anatolia,2011,38378,74879,,,,
matched,Once Upon a Time in the West,1968,31455,335,,,,
matched,Once Upon a Time in... Hollywood,2019,39237,466272,,,,
matched,One Battle After Another,2025,29226,1054867,,,,
matched,One Direction: Where We Are - The Concert Film,2014,47983,283559,,,,
matched,One False Move,1991,52982,21128,,,,
matched,One Flew Over the Cuckoo's Nest,1975,31331,510,,,,
matched,One from the Heart,1982,53014,41291,,,,
matched,One Girl's Confession,1953,37181,25787,,,,
matched,One Hundred and One Dalmatians,1961,39448,12230,,,,
matched,One Love Manchester,2017,48165,460492,,,,
matched,One More Time,1970,41200,33733,,,,
matched,One More Time with Feeling,2016,52359,404141,,,,
matched,One Piece 3D: Straw Hat Chase,2011,41560,79082,,,,
matched,One Piece Film: Strong World,2009,41489,41498,,,,
matched,One Piece: Chopper's Kingdom on the Island of Strange Animals,2002,41530,44725,,,,
matched,One Piece: Clockwork Island Adventure,2001,41859,23446,,,,
matched,One Piece: Curse of the Sacred Sword,2004,41623,44728,,,,
matched,One Piece: Dead End Adventure,2003,41724,44727,,,,
matched,"One Piece: Episode of Chopper Plus: Bloom in the Winter, Miracle Cherry Blossom",2008,40354,44731,,,,
matched,One Piece: Giant Mecha Soldier of Karakuri Castle,2006,41741,44730,,,,
matched,One Piece: The Desert Princess and the Pirates: Adventure in Alabasta,2007,41975,25278,,,,
matched,"One Sings, the Other Doesn't",1977,38376,63318,,,,
matched,One-Eyed Jacks,1961,42616,18647,,,,
matched,Onechanbara: Bikini Samurai Squad,2008,42075,37223,,,,
matched,Onibaba,1964,46888,3763,,,,
matched,Only Angels Have Wings,1939,46461,43832,,,,
matched,Only Lovers Left Alive,2013,43253,152603,,,,
matched,Onward,2020,40262,508439,,,,
matched,Opening Night,1977,38763,33665,,,,
matched,Operation Fortune: Ruse de Guerre,2023,36768,739405,,,,
matched,Oppenheimer,2023,31137,872585,,,,
matched,The Order,2024,42347,1082195,,,,
matched,Ordet,1955,38749,48035,,,,
matched,Ordinary People,1980,43410,16619,,,,
matched,Origin,2023,44815,753336,,,,
matched,Original Cast Album: Company,1970,38483,100776,,,,
matched,The Orphanage,2007,41028,6537,,,,
matched,Orpheus,1950,39275,4558,,,,
matched,Other Men's Women,1931,46408,33001,,,,
matched,The Others,2001,42744,1933,,,,
matched,Our Hospitality,1923,46382,701,,,,
matched,Our Mother's House,1967,42401,2516,,,,
matched,Out of Sight,1998,40867,1389,,,,
matched,Out of the Blue,1980,41468,39269,,,,
matched,Out of the Blue,2006,41289,10844,,,,
matched,Out of the Past,1947,44448,678,,,,
matched,Outer Space,1999,41858,110650,,,,
matched,The Outer Threat,2026,30183,1381202,,,,
matched,The Outlaw Josey Wales,1976,43703,10747,,,,
matched,Outsiders,1979,45071,97029,,,,
matched,The Outsiders,1983,40561,227,,,,
matched,Over the Edge,1979,41288,23957,,,,
matched,Over the Top,1987,54367,1825,,,,
matched,Over Your Dead Body,2026,30208,1390300,,,,
matched,The Overnight,2015,36803,308024,,,,
matched,Owning Mahowny,2003,42246,15394,,,,
matched,The Ox-Bow Incident,1943,40627,980,,,,
matched,Pacific Rim,2013,31846,68726,,,,
matched,Pacific Rim: Uprising,2018,31964,268896,,,,
matched,Paddington,2014,42672,116149,,,,
matched,Paddington 2,2017,42551,346648,,,,
matched,Paisan,1946,45364,8429,,,,
matched,The Paleface,1948,41188,17804,,,,
matched,The Palm Beach Story,1942,43341,32255,,,,
matched,Palm Springs,2020,44705,587792,,,,
matched,Pan's Labyrinth,2006,30827,1417,,,,
matched,Panayotis Pascot: Almost,2022,41848,1043816,,,,
matched,Pandora and the Flying Dutchman,1951,45863,38688,,,,
matched,Pandora's Box,1929,43959,905,,,,
matched,The Panther Squad,1988,37180,134051,,,,
matched,Papaya: Love Goddess of the Cannibals,1978,37146,94832,,,,
matched,Paper Man,2009,51541,39414,,,,
matched,Paper Moon,1973,38679,11293,,,,
matched,Papillon,1973,46659,5924,,,,
matched,Paradise Lost: The Child Murders at Robin Hood Hills,1996,52296,17204,,,,
matched,Paranormal Activity,2007,41836,23827,,,,
matched,Parasite,2019,30548,496243,,,,
matched,The Parent Trap,1998,46273,9820,,,,
matched,Paris Is Burning,1990,51914,31225,,,,
matched,"Paris, Texas",1984,38850,655,,,,
matched,The Passage,1979,41206,51543,,,,
matched,Passenger,1963,41810,25939,,,,
matched,Passenger,2026,30334,1368314,,,,
matched,Passengers,2016,39528,274870,,,,
matched,The Passion of Joan of Arc,1928,31398,780,,,,
matched,Past Lives,2023,38531,666277,,,,
matched,Pat Garrett & Billy the Kid,1973,55948,11577,,,,
matched,Patema Inverted,2013,47837,212167,,,,
matched,Pather Panchali,1955,39002,5801,,,,
matched,Pathfinder,2007,41007,1534,,,,
matched,Paths of Glory,1957,30602,975,,,,
matched,Patient Zero,2018,51934,295011,,,,
matched,Patlabor WXIII the Movie,2002,41661,16402,,,,
matched,Patlabor: The Movie,1989,48112,14571,,,,
matched,Patrice O'Neal: Elephant in the Room,2011,48190,57469,,,,
matched,Patton,1970,43352,11202,,,,
matched,Paulette's Chair,2014,47909,294622,,,,
matched,Pearl Jam Twenty,2011,52148,72744,,,,
matched,Pearl: An X-traordinary Origin Story,2022,46463,949423,,,,
matched,Peeping Tom,1960,44551,11167,,,,
matched,Penguin Highway,2018,48055,508422,,,,
matched,Penny and the Pownall Case,1948,41297,37194,,,,
matched,People We Meet on Vacation,2026,41358,1034716,,,,
matched,Pépé le Moko,1937,55953,26252,,,,
matched,Percy Jackson & the Olympians: The Lightning Thief,2010,43181,32657,,,,
matched,Perfect Blue,1997,38731,10494,,,,
matched,Perfect Days,2023,38837,976893,,,,
matched,Performance,1970,43277,26606,,,,
matched,The Perfume of the Lady in Black,1974,40981,65317,,,,
matched,Perfume: The Story of a Murderer,2006,45950,1427,,,,
matched,The Perks of Being a Wallflower,2012,46797,84892,,,,
matched,Permissive,1972,37151,41051,,,,
matched,Persepolis,2007,48175,2011,,,,
matched,Persona,1966,48140,797,,,,
matched,Personal Shopper,2016,45819,340676,,,,
matched,The Pervert's Guide to Cinema,2006,52155,34283,,,,
matched,Pete's Dragon,2016,41059,294272,,,,
matched,Peter Ibbetson,1935,45070,57412,,,,
matched,Peter Rabbit,2018,51414,381719,,,,
matched,Peter Rabbit 2: The Runaway,2021,51435,522478,,,,
matched,Pets,1973,32016,90949,,,,
matched,The Phantom Carriage,1921,44461,58129,,,,
matched,The Phantom of the Opera,1925,46165,964,,,,
matched,Phantom of the Paradise,1974,38381,27327,,,,
matched,Phantom Thread,2017,46505,400617,,,,
matched,The Phenix City Story,1955,43579,35956,,,,
matched,The Philadelphia Story,1940,47308,981,,,,
matched,The Pianist,2002,30893,423,,,,
matched,The Piano Forest,2007,40624,59298,,,,
matched,The Piano Teacher,2001,41735,1791,,,,
matched,Pick-up,1975,36461,54873,,,,
matched,Pickpocket,1959,46749,690,,,,
matched,Pickup on South Street,1953,44643,25955,,,,
matched,Picnic at Hanging Rock,1975,45862,11020,,,,
matched,Pierrot le Fou,1965,44409,2786,,,,
matched,Pig,2021,47011,635731,,,,
matched,Pigtails,2015,47755,421474,,,,
matched,Pillion,2025,52843,1287141,,,,
matched,Pimp,2018,37023,417688,,,,
matched,Pina,2011,51982,57276,,,,
matched,Pink Flamingos,1972,36798,692,,,,
matched,Pink Floyd: Live at Pompeii,1972,46472,25771,,,,
matched,Pink Floyd: P. U. L. S. E. Live at Earls Court,1994,47976,24970,,,,
matched,Pink Floyd: The Wall,1982,38445,12104,,,,
matched,Pinocchio,1940,40311,10895,,,,
matched,The Pirates of Blood River,1962,40246,58733,,,,
matched,Pirates of the Caribbean: At World's End,2007,29707,285,,,,
matched,Pirates of the Caribbean: Dead Man's Chest,2006,30084,58,,,,
matched,Pirates of the Caribbean: Dead Men Tell No Tales,2017,29980,166426,,,,
matched,Pirates of the Caribbean: On Stranger Tides,2011,30061,1865,,,,
matched,Pirates of the Caribbean: The Curse of the Black Pearl,2003,31008,22,,,,
matched,Pitch Perfect,2012,39888,114150,,,,
matched,Pitch Perfect 2,2015,39403,254470,,,,
matched,Pixote,1980,47691,42148,,,,
matched,A Place in the Sun,1951,43996,25673,,,,
matched,Plainclothes,2025,52839,1255718,,,,
matched,"Planes, Trains & Automobiles",1987,45832,2609,,,,
matched,Planet of the Apes,1968,39300,871,,,,
matched,The Platform,2019,41699,619264,,,,
matched,Platoon,1986,30256,792,,,,
matched,Playing,2007,52379,86321,,,,
matched,Playing by Heart,1998,53733,825,,,,
matched,Playmobil: The Movie,2019,51693,366668,,,,
matched,Playtime,1967,38800,10227,,,,
matched,The Pleasure Girls,1965,37263,43644,,,,
matched,Pocahontas,1995,43659,10530,,,,
matched,A Poet,2025,52892,1465563,,,,
matched,Poetry,2010,38901,47909,,,,
matched,Point Blank,1967,42844,26039,,,,
matched,Pokémon 4Ever,2001,55936,12600,,,,
matched,Pokémon Heroes,2002,47471,33875,,,,
matched,Pokémon the Movie 2000,1999,55931,12599,,,,
matched,Pokémon the Movie: I Choose You!,2017,48037,436931,,,,
matched,Pokémon the Movie: The Power of Us,2018,46651,494407,,,,
matched,Pokémon: Detective Pikachu,2019,40922,447404,,,,
matched,Pokémon: The First Movie,1998,47667,10228,,,,
matched,The Polar Express,2004,45108,5255,,,,
matched,Police Academy: Mission to Moscow,1994,41409,11546,,,,
matched,Policewomen,1974,37206,90590,,,,
matched,Poltergeist,1982,40811,609,,,,
matched,The Pom Pom Girls,1976,37298,21955,,,,
matched,Pontypool,2009,44560,23963,,,,
matched,Poor Pretty Eddie,1975,41467,63317,,,,
matched,Poor Things,2023,43917,792307,,,,
matched,The Pop Out: Ken & Friends,2024,48134,1306624,,,,
matched,The Pope of Greenwich Village,1984,45200,32081,,,,
matched,Popstar: Never Stop Never Stopping,2016,51581,341012,,,,
matched,Porco Rosso,1992,47772,11621,,,,
matched,Portrait of a Lady on Fire,2019,38687,531428,,,,
matched,Possession,1981,45899,21484,,,,
matched,The Postman Always Rings Twice,1946,43760,25736,,,,
matched,Poupelle of Chimney Town,2020,47662,655437,,,,
matched,Prayers for the Stolen,2021,46924,670981,,,,
matched,Predator,1987,20924,106,,,,
matched,The Predator,2018,20931,346910,,,,
matched,Predator 2,1990,20926,169,,,,
matched,Predator: Badlands,2025,21001,1242898,,,,
matched,Predator: Killer of Killers,2025,52831,1376434,,,,
matched,Predators,2010,20928,34851,,,,
matched,Prehistoric Bimbos in Armageddon City,1991,43903,29788,,,,
matched,Prehistoric Women,1967,36452,39308,,,,
matched,Prelude to Fame,1950,41534,210715,,,,
matched,The Presidio,1988,53722,11851,,,,
matched,Pressure,2026,30397,1318413,,,,
matched,The Prestige,2006,29050,1124,,,,
matched,Pretty in Pink,1986,40760,11522,,,,
matched,Pretty Lethal,2026,27730,1084187,,,,
matched,Pretty Persuasion,2005,36778,14166,,,,
matched,Pretty Woman,1990,39825,114,,,,
matched,Prevenge,2017,45215,395982,,,,
matched,Prey,1977,40203,103578,,,,
matched,Prey,2022,20989,766507,,,,
matched,Pride,2014,38420,234200,,,,
matched,Pride & Prejudice,2005,38447,4348,,,,
matched,Priest,2011,40317,38321,,,,
matched,Prince of Darkness,1987,43278,8852,,,,
matched,The Prince of Egypt,1998,44550,9837,,,,
matched,The Princess and the Frog,2009,43519,10198,,,,
matched,Princess Arete,2001,47977,59297,,,,
matched,The Princess Blade,2001,40540,17180,,,,
matched,The Princess Bride,1987,43815,2493,,,,
matched,The Princess Diaries,2001,45205,9880,,,,
matched,Priscilla,2023,41295,1020006,,,,
matched,Prison Break: The Final Break,2009,36682,176241,,,,
matched,Prisoners,2013,29093,146233,,,,
matched,Private Duty Nurses,1971,37258,85964,,,,
matched,The Private Life of Sherlock Holmes,1970,41335,5185,,,,
matched,Private's Progress,1956,41554,84109,,,,
matched,Pro-Life,2006,52939,298723,,,,
matched,The Producers,1968,45843,30197,,,,
matched,The Professor and the Madman,2019,51930,411728,,,,
matched,Project A-Ko,1986,38315,42025,,,,
matched,Project A-Ko 3: Cinderella Rhapsody,1988,40825,134830,,,,
matched,Project A-Ko 4: Final,1989,41707,134831,,,,
matched,Project Hail Mary,2026,31309,687163,,,,
matched,Project X,2012,42005,57214,,,,
matched,Prometheus,2012,20952,70981,,,,
matched,Promising Young Woman,2020,46944,582014,,,,
matched,A Prophet,2009,38497,21575,,,,
matched,The Proposal,2009,43967,18240,,,,
matched,The Protector,1985,36969,45408,,,,
matched,The Prowler,1951,44154,22985,,,,
matched,Psycho,1960,28935,539,,,,
matched,Psycho II,1983,29731,10576,,,,
matched,Psycho III,1986,29742,12662,,,,
matched,Psycho IV: The Beginning,1990,30042,40377,,,,
matched,The Psycho Lover,1970,37296,50979,,,,
matched,Psycho Sisters,1998,42448,116641,,,,
matched,Psycho-Circus,1966,41400,42717,,,,
matched,The Public Enemy,1931,46927,17687,,,,
matched,Pulp Fiction,1994,31436,680,,,,
matched,Pulsions,2019,48162,586247,,,,
matched,Punch-Drunk Love,2002,44760,8051,,,,
matched,The Punisher,2004,24196,7220,,,,
matched,Punisher: War Zone,2008,24710,13056,,,,
matched,Punishment Park,1971,38293,26513,,,,
matched,Punjab '95,2026,30241,1155818,,,,
matched,The Punk Singer,2013,52160,178290,,,,
matched,The Purge,2013,44140,158015,,,,
matched,The Pursuit of Happyness,2006,39782,1402,,,,
matched,Pursuit of the Graf Spee,1956,41672,17591,,,,
matched,Puss in Boots: The Last Wish,2022,43599,315162,,,,
matched,Put Your Soul on Your Hand and Walk,2025,52101,1465560,,,,
matched,Pyewacket,2017,43342,448194,,,,
matched,Quantum of Solace,2008,25640,10764,,,,
matched,Queen Christina,1933,41337,31526,,,,
matched,Queen Live at Wembley '86,1986,40468,20575,,,,
matched,Queen of Blood,1966,44737,27642,,,,
matched,A Question of Silence,1982,43851,96529,,,,
matched,The Quiet Family,1998,40539,74336,,,,
matched,The Quiet Man,1952,42601,3109,,,,
matched,A Quiet Place,2018,40985,447332,,,,
matched,A Quiet Place Part II,2021,40594,520763,,,,
matched,A Quiet Place: Day One,2024,40470,762441,,,,
matched,Quo Vadis,1951,40233,11620,,,,
matched,"Quo Vadis, Aida?",2020,38394,728118,,,,
matched,Radioactive,2019,51680,480857,,,,
matched,Radiohead: In Rainbows - From the Basement,2008,48017,60399,,,,
matched,Radiohead: The King of Limbs,2011,48061,152940,,,,
matched,Raging Bull,1980,30490,1578,,,,
matched,Raiders of the Lost Ark,1981,28178,85,,,,
matched,Rain Town,2011,47788,230622,,,,
matched,The Rainbow Thief,1990,40734,35165,,,,
matched,Raise the Red Lantern,1991,38250,10404,,,,
matched,Raising Cain,1992,52985,13937,,,,
matched,Ralph Breaks the Internet,2018,39660,404368,,,,
matched,Ramayana : The Legend of Prince Rama,1992,48138,84092,,,,
matched,Rambo,2008,54380,7555,,,,
matched,Rambo III,1988,54457,1370,,,,
matched,Rambo: First Blood Part II,1985,54463,1369,,,,
matched,Rambo: Last Blood,2019,54364,522938,,,,
matched,Rampage,2018,36600,427641,,,,
matched,The Ramrodder,1969,37237,95857,,,,
matched,Ran,1985,31431,11645,,,,
matched,Rango,2011,42203,44896,,,,
matched,Rapture,1979,42018,4494,,,,
matched,Rashomon,1950,28912,548,,,,
matched,Rasputin: The Mad Monk,1966,41493,28669,,,,
matched,Ratatouille,2007,31207,2062,,,,
matched,The Rats Are Coming! The Werewolves Are Here!,1972,40823,74826,,,,
matched,Re:ZERO -Starting Life in Another World- Memory Snow,2018,47740,532321,,,,
matched,Ready or Not,2019,30182,567609,,,,
matched,Ready or Not 2: Here I Come,2026,30216,1266127,,,,
matched,Ready Player One,2018,43459,333339,,,,
matched,Real Life,1979,43486,33250,,,,
matched,A Real Pain,2024,41985,1013850,,,,
matched,Rear Window,1954,28915,567,,,,
matched,Rebecca,1940,43233,223,,,,
matched,Rebel Without a Cause,1955,45222,221,,,,
matched,[REC]³ Genesis,2012,55935,80280,,,,
matched,The Reckless Moment,1949,39261,28007,,,,
matched,Reclaiming the Blade,2009,40795,55858,,,,
matched,RED,2010,36683,39514,,,,
matched,RED 2,2013,37622,146216,,,,
matched,The Red and the White,1967,45291,52885,,,,
matched,Red Beard,1965,38797,3780,,,,
matched,Red Desert,1964,45839,26638,,,,
matched,Red Dragon,2002,30128,9533,,,,
matched,Red Lights,2012,54010,75638,,,,
matched,Red Psalm,1972,46656,86732,,,,
matched,The Red Queen Kills Seven Times,1972,43036,40130,,,,
matched,Red River,1948,45069,3089,,,,
matched,The Red Shoes,1948,38682,19542,,,,
matched,Red Sonja,1985,42304,9626,,,,
matched,Red Sonja,2025,45529,13494,,,,
matched,The Red Spectacles,1987,40205,30198,,,,
matched,The Red Turtle,2016,47433,337703,,,,
matched,Redline,2009,38303,71883,,,,
matched,Reds,1981,47472,18254,,,,
matched,Reform School Girls,1986,37153,29492,,,,
matched,Reign of the Supermen,2019,28242,487672,,,,
matched,The Reincarnation of Peter Proud,1975,40187,101422,,,,
matched,The Remarkable Life of Ibelin,2024,52270,1167027,,,,
matched,Remarkably Bright Creatures,2026,30348,1330021,,,,
matched,Reminders of Him,2026,30335,1367642,,,,
matched,Reminiscences of a Journey to Lithuania,1972,52367,148811,,,,
matched,Rental Family,2025,52848,1208348,,,,
matched,Repulsion,1965,44820,11481,,,,
matched,Requiem for a Dream,2000,31498,641,,,,
matched,The Rescue,2021,52333,680058,,,,
matched,Reservoir Dogs,1992,30706,500,,,,
matched,The Resident,2011,41896,50671,,,,
matched,Resurrection,2025,52864,878608,,,,
matched,The Return,2003,38289,11190,,,,
matched,Return from Witch Mountain,1978,40719,14822,,,,
matched,The Return of Captain Invincible,1983,40691,71016,,,,
matched,The Return of Godzilla,1984,37559,421467,,,,
matched,The Return of the Musketeers,1989,41343,41946,,,,
matched,Return to Oz,1985,44872,13155,,,,
matched,Return to Sender,2015,36747,333381,,,,
matched,The Revenant,2015,44032,281957,,,,
matched,The Revenge of Frankenstein,1958,51258,3127,,,,
matched,Revenge of the Cheerleaders,1976,37277,56675,,,,
matched,Revenge of the Dead,1983,40499,38074,,,,
matched,Revolutionary Girl Utena: The Movie,1999,54360,19738,,,,
matched,Revolver,1973,46470,4788,,,,
matched,Revue Starlight: Rondo Rondo Rondo,2020,41357,645439,,,,
matched,Revue Starlight: The Movie,2021,39062,645440,,,,
matched,Richard Pryor: Live in Concert,1979,47768,22975,,,,
matched,Richard Pryor: Live on the Sunset Strip,1982,47962,21923,,,,
matched,Riddick,2013,41564,87421,,,,
matched,Riddick: Blindsided,2013,41182,211449,,,,
matched,Ride in the Whirlwind,1966,44495,60555,,,,
matched,Ride Lonesome,1959,41994,27644,,,,
matched,The Rider,2018,46000,453278,,,,
matched,Ridiculous,2026,41474,1662958,,,,
matched,Riding Bean,1989,48096,55374,,,,
matched,Rififi,1955,38686,934,,,,
matched,The Rifleman,2019,46383,567566,,,,
matched,Righteous Kill,2008,53794,13389,,,,
matched,Ring,1998,46608,2671,,,,
matched,Ring 0,2000,51738,9674,,,,
matched,Ring 2,1999,51256,9669,,,,
matched,Ringing Bell,1978,48059,77859,,,,
matched,Rio,2011,45136,46195,,,,
matched,Rio Bravo,1959,38643,301,,,,
matched,Rio Grande,1950,43759,11617,,,,
matched,The Riot Club,2014,51968,270302,,,,
matched,Rise of the Planet of the Apes,2011,39827,61791,,,,
matched,Rising Sun,1993,53705,7007,,,,
matched,Ritual,2000,38936,39056,,,,
matched,The Ritual,2017,43520,433808,,,,
matched,The Ritual,2025,54471,1278950,,,,
matched,Riverboom,2023,52280,1175235,,,,
matched,The Road,1982,40218,52556,,,,
matched,Road to Salina,1970,40559,79717,,,,
matched,The Road Warrior,1981,29614,8810,,,,
matched,Roadracers,1994,36473,26682,,,,
matched,Robert the Bruce,2019,29600,532812,,,,
matched,Robin and Marian,1976,45947,10786,,,,
matched,Robin Hood: Prince of Thieves,1991,53743,8367,,,,
matched,Robin Williams Live on Broadway,2002,47763,20211,,,,
matched,Robin Williams: An Evening at the Met,1986,38312,21586,,,,
matched,Robot Carnival,1987,47636,33441,,,,
matched,Robot Dreams,2023,47394,838240,,,,
matched,Robots,2005,43630,9928,,,,
matched,Rocco and His Brothers,1960,38704,8422,,,,
matched,The Rock,1996,39187,9802,,,,
matched,Rock 'n' Roll High School,1979,40453,26326,,,,
matched,The Rocker,2008,51409,10186,,,,
matched,Rocks in My Pockets,2014,41981,288581,,,,
matched,Rocky,1976,31180,1366,,,,
matched,Rocky Balboa,2006,29839,1246,,,,
matched,The Rocky Horror Picture Show,1975,42517,36685,,,,
matched,Rocky II,1979,30062,1367,,,,
matched,Rocky III,1982,29791,1371,,,,
matched,Rocky IV,1985,29897,1374,,,,
matched,Rocky V,1990,29837,1375,,,,
matched,Roger Waters: The Wall,2014,47744,290382,,,,
matched,Rogue One: A Star Wars Story,2016,24774,330459,,,,
matched,The Rogue's Trial,2024,41710,1099413,,,,
matched,Rolling Thunder,1977,46567,21948,,,,
matched,Roma,2018,46501,426426,,,,
matched,Roman Holiday,1953,38982,804,,,,
matched,"Rome, Open City",1945,45971,307,,,,
matched,Romeo + Juliet,1996,39685,454,,,,
matched,Ronin,1998,46389,8195,,,,
matched,The Rookie,1990,36907,6723,,,,
matched,Room,2015,30806,264644,,,,
matched,Rope,1948,38386,1580,,,,
matched,The Rosebud Beach Hotel,1984,41978,155233,,,,
matched,Rosemary's Baby,1968,38746,805,,,,
matched,Roujin Z,1991,44497,35648,,,,
matched,Rounders,1998,44160,10220,,,,
matched,Royal Space Force - The Wings of Honneamise,1987,43653,20043,,,,
matched,The Royal Tenenbaums,2001,43299,9428,,,,
matched,RRR,2022,48100,579974,,,,
matched,The Rules of the Game,1939,41615,776,,,,
matched,Runaway Train,1985,47148,11893,,,,
matched,Rush,2013,30934,96721,,,,
matched,Rush Hour,1998,39449,2109,,,,
matched,Rush: Beyond the Lighted Stage,2010,52206,41120,,,,
matched,Russ Meyer's Lorna,1964,37286,5741,,,,
matched,The Russia House,1990,53698,10170,,,,
matched,Ryuichi Sakamoto: Coda,2017,52288,473888,,,,
matched,Ryuichi Sakamoto: Opus,2023,39264,1156189,,,,
matched,Sabotage,1936,42674,12684,,,,
matched,The Sacrifice,1986,38980,24657,,,,
matched,Sadako,2019,51779,583132,,,,
matched,Sadako 3D,2012,51737,140441,,,,
matched,Sadako 3D 2,2013,51739,257527,,,,
matched,Sadako vs. Kayako,2016,51781,382602,,,,
matched,Sadomania,1981,31832,90730,,,,
matched,Safari 3000,1982,41211,84082,,,,
matched,Sailor Moon SuperS: The Movie - Black Dream Hole,1995,47248,28460,,,,
matched,Saint Maud,2020,46201,575776,,,,
matched,Saint☆Young Men,2012,38360,184608,,,,
matched,Salaam Cinema,1995,52197,43981,,,,
matched,The Salamander,1981,41509,157286,,,,
matched,Sally,2025,52194,1242382,,,,
matched,"Salò, or the 120 Days of Sodom",1975,44395,5336,,,,
matched,Salon Kitty,1976,37253,40394,,,,
matched,Salt of the Earth,1954,40875,23620,,,,
matched,The Salt of the Earth,2014,52404,265297,,,,
matched,Saltburn,2023,46844,930564,,,,
matched,Samaritan,2022,54399,629176,,,,
matched,Samaritan Zatoichi,1968,25348,54281,,,,
matched,Samsara,2011,52399,89708,,,,
matched,San Pietro,1945,45720,84701,,,,
matched,Sanjuro,1962,29530,11712,,,,
matched,Sans Soleil,1983,52418,1563,,,,
matched,Sansho the Bailiff,1954,38834,20532,,,,
matched,Santa Sangre,1989,41460,19236,,,,
matched,Saraband,1948,40581,80216,,,,
matched,Saraband,2003,41167,55650,,,,
matched,The Saragossa Manuscript,1965,45193,8785,,,,
matched,Satan in High Heels,1962,36359,117501,,,,
matched,Satan's Cheerleaders,1977,36357,29114,,,,
matched,Satanic Hispanics,2022,44378,1015080,,,,
matched,The Satanic Rites of Dracula,1973,40576,35669,,,,
matched,Satantango,1994,38973,31414,,,,
matched,Saturday Night and Sunday Morning,1960,41712,37230,,,,
matched,Saturday Night Fever,1977,46415,11009,,,,
matched,Satyricon,1969,41777,11163,,,,
matched,Sausage Party,2016,45599,223702,,,,
matched,Savage Messiah,1972,44520,58257,,,,
matched,Savage Salvation,2022,53761,740952,,,,
matched,Savage Sisters,1974,37134,86515,,,,
matched,Saving Private Ryan,1998,31166,857,,,,
matched,Saw,2004,37796,176,,,,
matched,Saw 3D,2010,37320,41439,,,,
matched,Saw II,2005,36745,215,,,,
matched,Saw III,2006,37586,214,,,,
matched,Saw IV,2007,37678,663,,,,
matched,Saw V,2008,36361,11917,,,,
matched,Saw VI,2009,37498,22804,,,,
matched,Saw X,2023,37590,951491,,,,
matched,The Scandalous Lady W,2015,51939,352733,,,,
matched,Scarface,1932,41271,877,,,,
matched,Scarface,1983,28968,111,,,,
matched,Scars of Dracula,1970,40448,34479,,,,
matched,Scary Movie,2000,29332,4247,,,,
matched,Scary Movie 2,2001,29329,4248,,,,
matched,Scary Movie 3,2003,29327,4256,,,,
matched,Scary Movie 4,2006,29334,4257,,,,
matched,Scary Movie 5,2013,29336,4258,,,,
matched,Scenes from a Marriage,1974,47678,133919,,,,
matched,Scent of a Woman,1992,54489,9475,,,,
matched,Schindler's List,1993,28991,424,,,,
matched,Schizopolis,1996,45725,16375,,,,
matched,School of Rock,2003,41443,1584,,,,
matched,Schoolgirl Report Part 5: What All Parents Should Know,1973,36892,70609,,,,
matched,Schoolgirls Growing Up,1972,36454,36885,,,,
matched,Schoolgirls in Chains,1973,37160,39882,,,,
matched,Scooby-Doo,2002,42442,9637,,,,
matched,The Score,2001,53932,11371,,,,
matched,Scorpio Rising,1963,45638,46787,,,,
matched,Scott of the Antarctic,1948,41371,43450,,,,
matched,Scream,1996,41715,4232,,,,
matched,Scream,2022,54692,646385,,,,
matched,Scream 2,1997,40364,4233,,,,
matched,Scream and Scream Again,1970,41773,42594,,,,
matched,A Scream in the Streets,1973,37254,88941,,,,
matched,Scream of Fear,1961,41598,64568,,,,
matched,Scream VI,2023,40902,934433,,,,
matched,Screwballs,1983,37299,25164,,,,
matched,Screwballs II,1985,31841,44191,,,,
matched,Scum of the Earth,1963,37185,28175,,,,
matched,The Sea Beast,2022,41349,560057,,,,
matched,Sea of Love,1989,54474,12150,,,,
matched,Sea Prince and the Fire Child,1981,47776,42776,,,,
matched,The Searchers,1956,44110,3114,,,,
matched,Searching for Sugar Man,2012,52290,84334,,,,
matched,Season of the Witch,2011,41406,23047,,,,
matched,The Second Mother,2015,38642,310569,,,,
matched,Seconds,1966,38492,20620,,,,
matched,The Secret Agent,2025,52859,1220564,,,,
matched,Secret Beyond the Door...,1947,42429,560,,,,
matched,Secret Ceremony,1968,41010,71395,,,,
matched,The Secret in Their Eyes,2009,31059,25376,,,,
matched,The Secret Life of Walter Mitty,2013,39596,116745,,,,
matched,The Secret of the Red Orchid,1962,41920,3521,,,,
matched,Secrets & Lies,1996,38846,11159,,,,
matched,Seeds of Sin,1968,41841,88361,,,,
matched,Selena y Los Dinos,2025,52158,1400784,,,,
matched,Send Help,2026,30285,1198994,,,,
matched,Senna,2010,52401,58496,,,,
matched,Senso,1954,46884,43195,,,,
matched,Sentimental Value,2025,38467,1124566,,,,
matched,A Separation,2011,31003,60243,,,,
matched,Serenity,2019,28941,452832,,,,
matched,Sergeant York,1941,45714,16442,,,,
matched,Serial,1980,40629,41034,,,,
matched,Serial Mom,1994,42466,11592,,,,
matched,A Serious Man,2009,39129,12573,,,,
matched,Seriously Single,2020,36426,661747,,,,
matched,Serpico,1973,39339,9040,,,,
matched,The Servant,1963,38504,42987,,,,
matched,Session 9,2001,46718,10972,,,,
matched,Seven,1995,30932,807,,,,
matched,Seven Brides for Seven Brothers,1954,41813,16563,,,,
matched,Seven Chances,1925,46381,32600,,,,
matched,Seven Samurai,1954,30705,346,,,,
matched,SEVENTEEN TOUR 'FOLLOW' AGAIN TO CINEMAS,2024,47643,1317874,,,,
matched,The Seventh Seal,1957,30633,490,,,,
matched,The Seventh Veil,1945,43300,43495,,,,
matched,The Seventh Victim,1943,45925,20945,,,,
matched,Sex and Fury,1973,41967,20567,,,,
matched,Sex Madness,1934,37203,40091,,,,
matched,"Sex, Lies, and Videotape",1989,40821,1412,,,,
matched,Sexy Night Report,1977,36904,158611,,,,
matched,Sgt. Rock,2019,41047,618346,,,,
matched,Shadow of a Doubt,1943,42503,21734,,,,
matched,Shadows,1960,46871,15484,,,,
matched,Shadows of Forgotten Ancestors,1965,40769,26782,,,,
matched,Shaft,1971,46660,482,,,,
matched,Shame,1968,38715,26372,,,,
matched,Shame,2011,36659,76025,,,,
matched,Shane,1953,42519,3110,,,,
matched,Shane Gillis: Beautiful Dogs,2023,47750,1169007,,,,
matched,Shang-Chi and the Legend of the Ten Rings,2021,25544,566525,,,,
matched,Shanghai Express,1932,41850,875,,,,
matched,The Shape of Water,2017,45265,399055,,,,
matched,Shark Tale,2004,47382,10555,,,,
matched,Shaun of the Dead,2004,47219,747,,,,
matched,The Shawshank Redemption,1994,31341,278,,,,
matched,Shazam!,2019,45867,287947,,,,
matched,She,1965,40555,17604,,,,
matched,She,1984,40167,47345,,,,
matched,She Devils of the SS,1973,37114,86493,,,,
matched,She Done Him Wrong,1933,46260,43595,,,,
matched,She Mob,1968,37207,93758,,,,
matched,She Played with Fire,1957,41752,116580,,,,
matched,She Will,2021,46279,852485,,,,
matched,She's the Man,2006,46294,9655,,,,
matched,The Sheep Detectives,2026,30369,1301421,,,,
matched,Sherlock Holmes,2009,39670,10528,,,,
matched,Sherlock Holmes and the Deadly Necklace,1962,40466,43010,,,,
matched,Sherlock Holmes: Incident at Victoria Falls,1992,40855,79106,,,,
matched,Sherlock Jr.,1924,30820,992,,,,
matched,Sherman's March,1985,52146,41480,,,,
matched,Shin Godzilla,2016,25488,315011,,,,
matched,The Shining,1980,31283,694,,,,
matched,Shipwrecked: Nightmare at Sea,2026,30308,1715492,,,,
matched,Shirkers,2018,52064,489994,,,,
matched,Shoah,1985,51918,42044,,,,
matched,Shock,1977,43487,5481,,,,
matched,Shock Corridor,1963,42313,25504,,,,
matched,Shoot the Piano Player,1960,42169,1818,,,,
matched,The Shooting,1966,43177,42701,,,,
matched,The Shop Around the Corner,1940,38618,20334,,,,
matched,The Shop on Main Street,1965,43273,25905,,,,
matched,Shoplifters,2018,38709,505192,,,,
matched,Short Cuts,1993,38532,695,,,,
matched,Short Peace,,47814,252520,,,,
matched,Short Term 12,2013,38482,169813,,,,
matched,Shrek 2,2004,43835,809,,,,
matched,Shrek Forever After,2010,44641,10192,,,,
matched,Shrek the Third,2007,42191,810,,,,
matched,Shutter Island,2010,31349,11324,,,,
matched,Sicario,2015,39642,273481,,,,
matched,Sidewalks of Bangkok,1984,37184,116468,,,,
matched,Sightseers,2012,44802,117974,,,,
matched,Sign 'o' the Times,1987,48147,38178,,,,
matched,Silence Is a Falling Body,2017,52091,518776,,,,
matched,The Silence of Others,2019,40371,500850,,,,
matched,The Silence of the Lambs,1991,30629,274,,,,
matched,Silenced,2011,38291,81481,,,,
matched,The Silent Partner,1978,46782,25338,,,,
matched,The Silent Scream,1979,45289,28380,,,,
matched,Silver Linings Playbook,2012,47149,82693,,,,
matched,Silver Lode,1954,40308,27443,,,,
matched,A Simple Plan,1998,42430,10223,,,,
matched,The Simpsons Movie,2007,45358,35,,,,
matched,Sin City,2005,37770,187,,,,
matched,Sin City: A Dame to Kill For,2014,36509,189,,,,
matched,Sincerely Louis C.K.,2020,47981,689643,,,,
matched,Sing,2016,45597,335797,,,,
matched,Sing Sing,2024,38823,1155828,,,,
matched,Sing Street,2016,43371,369557,,,,
matched,Singapore Sling,1990,40974,1560,,,,
matched,Singin' in the Rain,1952,30583,872,,,,
matched,A Single Girl,1995,37488,102461,,,,
matched,Single White Female,1992,41379,9605,,,,
matched,Sinister,2012,39451,82507,,,,
matched,Sinner: The Secret Diary of a Nymphomaniac,1973,44561,203474,,,,
matched,Sinners,2025,29236,1233413,,,,
matched,Sinthia: The Devil's Doll,1970,37297,99537,,,,
matched,Sir Alex Ferguson: Never Give In,2021,52190,790850,,,,
matched,Sister Emanuelle,1977,37310,59068,,,,
matched,Sisters,1973,44833,22307,,,,
matched,Sitaare Zameen Par,2025,29453,1190511,,,,
matched,The Sixth Sense,1999,31170,745,,,,
matched,The Skeleton of Mrs. Morales,1960,43243,118007,,,,
matched,The Skull,1965,40832,42745,,,,
matched,The Sky Crawlers,2008,40472,15877,,,,
matched,Skyfall,2012,25771,37724,,,,
matched,Slasher,2007,40497,194215,,,,
matched,Slaughterhouse Rulez,2018,51361,457943,,,,
matched,Sleep Has Her House,2017,52135,432606,,,,
matched,Sleepaway Camp,1983,41626,13567,,,,
matched,Sleepaway Camp III: Teenage Wasteland,1989,46849,34312,,,,
matched,Sleeper,1973,41711,11561,,,,
matched,Sleepers,1996,36952,819,,,,
matched,Sleeping Beauty,1959,39242,10882,,,,
matched,Sleeping Dogs,1977,44715,37582,,,,
matched,Sleepy Hollow,1999,41804,2668,,,,
matched,Sleuth,1972,39337,993,,,,
matched,Sling Blade,1996,41440,12498,,,,
matched,Slumdog Millionaire,2008,39633,12405,,,,
matched,Smash-Up: The Story of a Woman,1947,41972,48994,,,,
matched,"A Smell of Honey, a Swallow of Brine",1966,31843,50945,,,,
matched,Smile,2022,40379,882598,,,,
matched,Smile 2,2024,47456,1100782,,,,
matched,Smiles of a Summer Night,1955,39281,11700,,,,
matched,The Smiling Madame Beudet,1923,46801,49452,,,,
matched,The Snake Pit,1948,41958,62694,,,,
matched,Snatch,2000,31396,107,,,,
matched,SNL50: The Homecoming Concert,2025,51506,1433330,,,,
matched,Snow White and the Seven Dwarfs,1937,42671,408,,,,
matched,Snowpiercer,2013,44134,110415,,,,
matched,Society of the Snow,2023,38608,906126,,,,
matched,Solaris,1972,38258,593,,,,
matched,Soldier Blue,1970,55359,14384,,,,
matched,Soldier of Orange,1977,42640,633,,,,
matched,Solo: A Star Wars Story,2018,24773,348350,,,,
matched,Some Came Running,1958,40735,38724,,,,
matched,Some Kind of Heaven,2021,52039,638741,,,,
matched,Some Like It Hot,1959,31481,239,,,,
matched,Some Velvet Morning,2013,36412,174341,,,,
matched,Someone's Watching Me!,1978,52956,31428,,,,
matched,Something Wild,1986,46980,11300,,,,
matched,Son of Batman,2014,26069,251519,,,,
matched,Son of Godzilla,1967,25868,18627,,,,
matched,Son of the White Mare,1981,38657,41077,,,,
matched,Song of the Sea,2014,38714,110416,,,,
matched,Sonic the Hedgehog,2020,46873,454626,,,,
matched,Sons of the Desert,1933,45707,43128,,,,
matched,Sorcerer,1977,38831,38985,,,,
matched,Sorceress,1982,40444,41889,,,,
matched,Sore: A Wife from the Future,2025,52872,1385536,,,,
matched,Sorority House Massacre,1986,37491,40760,,,,
matched,Sorority House Massacre II,1990,37507,40446,,,,
matched,Sorority Party Massacre,2012,43600,176990,,,,
matched,Sorority Slaughter,1994,47227,27690,,,,
matched,Sorry to Bother You,2018,44109,424781,,,,
matched,"Sorry, Baby",2025,52841,1205515,,,,
matched,"Sorry, Wrong Bedroom",1973,37259,247045,,,,
matched,Soul,2020,43145,508442,,,,
matched,Sound of Metal,2020,38950,502033,,,,
matched,The Sound of Music,1965,31486,15121,,,,
matched,Soundtrack to a Coup d'Etat,2024,52345,1214539,,,,
matched,Space Jam,1996,47526,2300,,,,
matched,Spartacus,1960,39078,967,,,,
matched,A Special Day,1977,38935,42229,,,,
matched,The Spectre,2010,28112,38180,,,,
matched,Spectre,2015,25700,206647,,,,
matched,Spellbound,1945,43412,4174,,,,
matched,Spetters,1980,53028,40072,,,,
matched,Spider Baby,1967,46789,28504,,,,
matched,Spider-Man,2002,24743,557,,,,
matched,Spider-Man 2,2004,24727,558,,,,
matched,Spider-Man 3,2007,24194,559,,,,
matched,Spider-Man: Across the Spider-Verse,2023,24306,569094,,,,
matched,Spider-Man: Far from Home,2019,24339,429617,,,,
matched,Spider-Man: Homecoming,2017,24510,315635,,,,
matched,Spider-Man: Into the Spider-Verse,2018,24418,324857,,,,
matched,Spider-Man: No Way Home,2021,24143,634649,,,,
matched,The Spider's Stratagem,1970,39335,42595,,,,
matched,Spiral,1998,51783,9706,,,,
matched,Spiral,2021,37723,602734,,,,
matched,The Spirit of the Beehive,1973,38364,4495,,,,
matched,Splendor in the Grass,1961,41700,28569,,,,
matched,Split,2017,46725,381288,,,,
matched,The SpongeBob SquarePants Movie,2004,42783,11836,,,,
matched,Spotlight,2015,30906,314365,,,,
matched,Spring,2014,43304,241855,,,,
matched,Spring in a Small Town,1948,39274,21058,,,,
matched,"Spring, Summer, Fall, Winter... and Spring",2003,38362,113,,,,
matched,Springsteen on Broadway,2018,48167,563708,,,,
matched,The Spy Who Loved Me,1977,25833,691,,,,
matched,The Square,2013,52141,159037,,,,
matched,SS Experiment Love Camp,1976,37143,56386,,,,
matched,Stagecoach,1939,44389,995,,,,
matched,Stairway to Heaven,1946,38690,28162,,,,
matched,Stalker,1979,38813,1398,,,,
matched,The Stalking Moon,1968,47485,42685,,,,
matched,Stand by Me,1986,28978,235,,,,
matched,Stanley & Iris,1990,55872,36094,,,,
matched,Star 80,1983,46256,30707,,,,
matched,A Star Is Born,1954,47238,3111,,,,
matched,A Star Is Born,2018,41494,332562,,,,
matched,Star Trek,2009,26032,13475,,,,
matched,Star Trek Beyond,2016,26339,188927,,,,
matched,Star Trek II: The Wrath of Khan,1982,26088,154,,,,
matched,Star Trek III: The Search for Spock,1984,26328,157,,,,
matched,Star Trek Into Darkness,2013,26294,54138,,,,
matched,Star Trek IV: The Voyage Home,1986,26053,168,,,,
matched,Star Trek V: The Final Frontier,1989,26051,172,,,,
matched,Star Trek VI: The Undiscovered Country,1991,26336,174,,,,
matched,Star Trek: First Contact,1996,26392,199,,,,
matched,Star Trek: Generations,1994,26057,193,,,,
matched,Star Trek: Insurrection,1998,26332,200,,,,
matched,Star Trek: Nemesis,2002,26395,201,,,,
matched,Star Trek: The Motion Picture,1979,26081,152,,,,
matched,Star Wars: Episode I - The Phantom Menace,1999,24854,1893,,,,
matched,Star Wars: Episode II - Attack of the Clones,2002,24855,1894,,,,
matched,Star Wars: Episode III - Revenge of the Sith,2005,24919,1895,,,,
matched,Star Wars: Episode IV - A New Hope,1977,24921,11,,,,
matched,Star Wars: Episode V - The Empire Strikes Back,1980,25215,1891,,,,
matched,Star Wars: Episode VI - Return of the Jedi,1983,25126,1892,,,,
matched,Star Wars: Episode VII - The Force Awakens,2015,24802,140607,,,,
matched,Star Wars: Episode VIII - The Last Jedi,2017,24962,181808,,,,
matched,Star Wars: The Clone Wars,2008,41359,12180,,,,
matched,Star Wars: The Rise Of Skywalker,2019,25125,181812,,,,
matched,Stardust,2007,54077,2270,,,,
matched,Starman,1984,52975,9663,,,,
matched,Starred Up,2013,40960,209276,,,,
matched,Starry Eyes,2014,45842,254194,,,,
matched,Starship Invasions,1977,41693,42542,,,,
matched,Starting Over,1979,45979,54663,,,,
matched,Staying Alive,1983,54434,10805,,,,
matched,"Steamboat Bill, Jr.",1928,45672,25768,,,,
matched,Steamboy,2004,47719,8953,,,,
matched,Stella Dallas,1937,43258,43865,,,,
matched,The Stendhal Syndrome,1996,44564,39434,,,,
matched,Step Brothers,2008,47228,12133,,,,
matched,The Stepford Wives,1975,41765,12223,,,,
matched,Stereo,1969,41685,33691,,,,
matched,Steve Jobs,2015,43498,321697,,,,
matched,The Stewardesses,1969,37131,70478,,,,
matched,Still Walking,2008,38948,25050,,,,
matched,Still: A Michael J. Fox Movie,2023,52337,1058699,,,,
matched,The Sting,1973,28956,9277,,,,
matched,The Sting II,1983,29525,36912,,,,
matched,Stir of Echoes,1999,55362,11601,,,,
matched,Stolen Kisses,1968,41734,255,,,,
matched,The Stone Tape,1972,41991,41032,,,,
matched,Stop Making Sense,1984,47718,24128,,,,
matched,Storm Over the Nile,1955,41688,76269,,,,
matched,Storm Warning,1950,40820,35009,,,,
matched,The Story of a Cheat,1936,40353,65642,,,,
matched,Story of a Cloistered Nun,1973,31844,106969,,,,
matched,The Story of O,1975,40202,4561,,,,
matched,The Story of the Last Chrysanthemum,1939,40259,46069,,,,
matched,Stowaway Girl,1957,41484,269298,,,,
matched,La Strada,1954,38634,405,,,,
matched,The Straight Story,1999,38388,404,,,,
matched,Strait-Jacket,1964,45224,29396,,,,
matched,The Strange Vice of Mrs Wardh,1971,40186,30903,,,,
matched,The Stranger,1946,44479,20246,,,,
matched,Strangers on a Train,1951,39277,845,,,,
matched,Straw Dogs,1971,42440,994,,,,
matched,Stray Dog: Kerberos Panzer Cops,1991,41055,62301,,,,
matched,Stray Kids: The Dominate Experience,2026,48026,1600421,,,,
matched,Street Fighter II: The Animated Movie,1994,48107,12613,,,,
matched,Street Fighter IV: The Ties That Bind,2009,41451,16257,,,,
matched,Street of a Thousand Pleasures,1972,37161,94238,,,,
matched,Street of Crocodiles,1986,40986,59357,,,,
matched,A Streetcar Named Desire,1951,45098,702,,,,
matched,Streets of Death,1988,42602,224645,,,,
matched,Streetwalkin',1985,36402,85598,,,,
matched,Streetwise,1984,41490,42098,,,,
matched,Stripped to Kill,1987,43359,27795,,,,
matched,Stroszek,1977,42794,11698,,,,
matched,The Stunt Man,1980,42514,42160,,,,
matched,The Stupids,1996,40239,16299,,,,
matched,The Stylist,2020,45022,741612,,,,
matched,The Substance,2024,40770,933260,,,,
matched,The Substitute,1996,37086,20762,,,,
matched,The Substitute 2: School's Out,1998,37621,29812,,,,
matched,The Substitute 3: Winner Takes All,1999,37736,50820,,,,
matched,The Substitute: Failure Is Not an Option,2001,37560,54782,,,,
matched,Suburbia,1983,40829,28054,,,,
matched,Suburbicon,2017,36620,395458,,,,
matched,Suddenly in the Dark,1981,41737,124310,,,,
matched,Sugar Cookies,1973,37245,29850,,,,
matched,Suicide Squad,2016,37323,297761,,,,
matched,The Suicide Squad,2021,36314,436969,,,,
matched,Suicide Squad: Hell to Pay,2018,28280,487242,,,,
matched,Suite Française,2014,55902,271674,,,,
matched,Sullivan's Travels,1941,44739,16305,,,,
matched,Summer Days with Coo,2007,38359,17234,,,,
matched,Summer Wars,2009,48063,28874,,,,
matched,Summer with Monika,1953,44554,47735,,,,
matched,Sundays,2025,52868,1443576,,,,
matched,Sunrise,1927,38491,631,,,,
matched,Sunset Boulevard,1950,30570,599,,,,
matched,Sunshine,2025,52903,1269838,,,,
matched,Super Fly,1972,42201,21968,,,,
matched,The Super Mario Bros. Movie,2023,25275,502356,,,,
matched,The Super Mario Galaxy Movie,2026,25309,1226863,,,,
matched,Super/Man: The Christopher Reeve Story,2024,52340,1128559,,,,
matched,Superbad,2007,40050,8363,,,,
matched,Superboys of Malegaon,2025,52827,1226572,,,,
matched,Superchick,1973,37148,86501,,,,
matched,Superman,2025,30181,1061474,,,,
matched,Superman Returns,2006,31875,1452,,,,
matched,Superman vs. The Elite,2012,28128,103269,,,,
matched,Superman: Red Son,2020,28264,618355,,,,
matched,Superman: Unbound,2013,28148,166076,,,,
matched,Superman/Batman: Apocalypse,2010,28119,45162,,,,
matched,Superman/Batman: Public Enemies,2009,28144,22855,,,,
matched,Superman/Doomsday,2007,28140,13640,,,,
matched,Superman/Shazam!: The Return of Black Adam,2010,28268,43641,,,,
matched,Supervixens,1975,37219,5725,,,,
matched,Suspicion,1941,44767,11462,,,,
matched,Suspiria,1977,42400,11906,,,,
matched,Swan Lake,1981,42202,85787,,,,
matched,A Sweet Sickness,1968,36450,88940,,,,
matched,Sweet Smell of Success,1957,38812,976,,,,
matched,Sweet Sugar,1972,37155,38035,,,,
matched,Sweet Sweetback's Baadasssss Song,1971,47140,5822,,,,
matched,The Swimmer,1968,45190,33564,,,,
matched,Swing Girls,2004,38785,36592,,,,
matched,Swing Time,1936,42623,20325,,,,
matched,The Swinging Barmaids,1975,37099,28757,,,,
matched,The Swinging Cheerleaders,1974,31845,22092,,,,
matched,Switchblade Sisters,1975,37290,52633,,,,
matched,The Sword of Doom,1966,38540,19884,,,,
matched,Sword of the Valiant,1984,53708,30584,,,,
matched,Symbiopsychotaxiplasm: Take One,1968,52066,44783,,,,
matched,Symptoms,1974,41398,110412,,,,
matched,"Synecdoche, New York",2008,38373,4960,,,,
matched,T2 Trainspotting,2017,29414,180863,,,,
matched,Tabu: A Story of the South Seas,1931,46840,977,,,,
matched,Taken,2008,37783,8681,,,,
matched,Taken 2,2012,37595,82675,,,,
matched,Taken 3,2014,31950,260346,,,,
matched,Tale of the Mummy,1998,40640,66892,,,,
matched,A Tale of Two Cities,1958,41526,4701,,,,
matched,The Tale of Zatoichi,1962,22050,16692,,,,
matched,The Tale of Zatoichi Continues,1962,22049,16693,,,,
matched,Talk to Me,2022,46982,1008042,,,,
matched,Tamara,2005,51896,10263,,,,
matched,Tampopo,1985,38866,11830,,,,
matched,Tangled,2010,47070,38757,,,,
matched,Targets,1968,43958,19383,,,,
matched,Tarzan,1999,44893,37135,,,,
matched,Tarzan's Greatest Adventure,1959,53693,43205,,,,
matched,Taste of Cherry,1997,47978,30020,,,,
matched,The Taste of Tea,2004,38665,15318,,,,
matched,Taste the Blood of Dracula,1970,41736,29748,,,,
matched,Taxi Driver,1976,30727,103,,,,
matched,A Taxi Driver,2017,38664,437068,,,,
matched,Taylor Swift: City of Lover Concert,2020,47860,701684,,,,
matched,Taylor Swift: Folklore: The Long Pond Studio Sessions,2020,47804,768141,,,,
matched,Taylor Swift: Reputation Stadium Tour,2018,45526,568332,,,,
matched,Taylor Swift: Speak Now World Tour Live,2011,47852,80009,,,,
matched,Taylor Swift: The Eras Tour,2023,47919,1160164,,,,
matched,Taylor Swift: The Eras Tour - The Final Show,2025,48155,1562010,,,,
matched,Team Darryl,2018,24516,505945,,,,
matched,Team Thor,2016,24161,413279,,,,
matched,Team Thor: Part 2,2017,25543,441829,,,,
matched,Ted,2012,46146,72105,,,,
matched,Teen Titans Go! & DC Super Hero Girls: Mayhem in the Multiverse,2022,28285,913205,,,,
matched,Teen Titans Go! See Space Jam,2021,28294,834404,,,,
matched,Teen Titans GO! To the Movies,2018,28286,474395,,,,
matched,Teen Titans Go! Vs. Teen Titans,2019,28277,556901,,,,
matched,Teen Titans: The Judas Contract,2017,28084,408647,,,,
matched,Teenage Gang Debs,1966,37156,86177,,,,
matched,Teenage Mother,1967,37216,58216,,,,
matched,Teenage Tramp,1973,36388,85675,,,,
matched,Tekkonkinkreet,2006,47638,13754,,,,
matched,The Telephone Book,1971,37313,121111,,,,
matched,The Telephone Box,1972,41043,52943,,,,
matched,The Tell-Tale Heart,1953,44556,127401,,,,
matched,Tempestad,2016,52069,292109,,,,
matched,The Ten Commandments,1956,46935,6844,,,,
matched,Ten Little Indians,1965,40828,4879,,,,
matched,Ten Violent Women,1982,37278,141643,,,,
matched,Tenchi Muyo! In Love,1996,39075,34935,,,,
matched,Tenet,2020,40017,577922,,,,
matched,The Terminal,2004,42620,594,,,,
matched,Terminal,2018,51446,385332,,,,
matched,Terminal Island,1973,36384,91618,,,,
matched,The Terminator,1984,25315,218,,,,
matched,Terminator 2: Judgment Day,1991,25319,280,,,,
matched,Terminator 3: Rise of the Machines,2003,21407,296,,,,
matched,Terminator Genisys,2015,25347,87101,,,,
matched,Terminator Salvation,2009,25374,534,,,,
matched,Terminator: Dark Fate,2019,25331,290859,,,,
matched,Terrifying Girls' High School: Lynch Law Classroom,1973,46166,55781,,,,
matched,Terror Circus,1974,36439,28146,,,,
matched,Terror in the Aisles,1984,40844,47894,,,,
matched,Terror of Mechagodzilla,1975,25462,19333,,,,
matched,The Terror of the Tongs,1961,41395,28750,,,,
matched,Terrorizers,1986,46040,78450,,,,
matched,The Texas Chain Saw Massacre: 50th Anniversary,1974,26135,30497,,,,
matched,Texas Chainsaw,2013,26141,76617,,,,
matched,The Texas Chainsaw Massacre,2003,26166,9373,,,,
matched,Texas Chainsaw Massacre,2022,26149,632727,,,,
matched,The Texas Chainsaw Massacre 2,1986,26158,16337,,,,
matched,The Texas Chainsaw Massacre: The Beginning,2006,26188,10781,,,,
matched,Texas Chainsaw Massacre: The Next Generation,1994,26200,16780,,,,
matched,Texasville,1990,41797,82545,,,,
matched,That Cold Day in the Park,1969,40856,66488,,,,
matched,That Hamilton Woman,1941,43288,43798,,,,
matched,That Kind of Girl,1963,37271,54465,,,,
matched,That Tender Touch,1969,37142,165625,,,,
matched,That Thing You Do!,1996,43991,9591,,,,
matched,That's Carry On!,1977,36505,36481,,,,
matched,Theater of Blood,1973,44637,28498,,,,
matched,Thelma & Louise,1991,38787,1541,,,,
matched,Them!,1954,44516,11071,,,,
matched,The Theory of Everything,2014,45879,266856,,,,
matched,There Will Be Blood,2007,29040,7345,,,,
matched,There's Still Tomorrow,2023,38633,1026227,,,,
matched,They Cloned Tyrone,2023,42589,736769,,,,
matched,They Live,1988,43194,8337,,,,
matched,They Shall Not Grow Old,2018,52322,543580,,,,
matched,"They Shoot Horses, Don't They?",1969,38658,28145,,,,
matched,They Will Kill You,2026,30411,1292695,,,,
matched,The Thief of Bagdad,1924,40562,28963,,,,
matched,The Thin Blue Line,1988,52307,14285,,,,
matched,The Thin Man,1934,43780,3529,,,,
matched,The Thing,1982,30604,1091,,,,
matched,The Thing,2011,29531,60935,,,,
matched,Things to Come,1936,41399,3596,,,,
matched,The Third Man,1949,30986,1092,,,,
matched,This Boy Can Fight Aliens,2011,46202,194115,,,,
matched,This Boy's Life,1993,54063,8092,,,,
matched,This Filthy World,2006,44133,47658,,,,
matched,This Is the End,2013,39458,109414,,,,
matched,This Much I Know to Be True,2022,52200,927025,,,,
matched,Thor,2011,25072,10195,,,,
matched,Thor: Love and Thunder,2022,24328,616037,,,,
matched,Thor: Ragnarok,2017,25157,284053,,,,
matched,Thor: The Dark World,2013,24587,76338,,,,
matched,Thoroughbreds,2018,51668,397722,,,,
matched,A Thousand and One Nights,1969,40450,85398,,,,
matched,A Thousand Pleasures,1968,36445,128400,,,,
matched,"Three Billboards Outside Ebbing, Missouri",2017,31248,359940,,,,
matched,Three Brothers,1981,42258,42150,,,,
matched,Three Colors: Blue,1993,47237,108,,,,
matched,Three Colors: Red,1994,39000,110,,,,
matched,Three Colors: White,1994,41471,109,,,,
matched,The Three Deaths of Marisela Escobedo,2020,52234,753230,,,,
matched,The Three Musketeers,1973,45955,2926,,,,
matched,Three Swedes on the Reeperbahn,1980,36457,240438,,,,
matched,Thriller: A Cruel Picture,1973,40644,15018,,,,
matched,Throne of Blood,1957,38692,3777,,,,
matched,Through a Glass Darkly,1961,38458,11602,,,,
matched,Through the Olive Trees,1994,44748,47104,,,,
matched,Thunderball,1965,25843,660,,,,
matched,Thunderbolt and Lightfoot,1974,40722,8348,,,,
matched,Thunderbolts*,2025,25525,986056,,,,
matched,"tick, tick... BOOM!",2021,42709,537116,,,,
matched,Tigers Are Not Afraid,2017,43254,349067,,,,
matched,Time Bandits,1981,54690,36819,,,,
matched,Time Lock,1957,53692,263910,,,,
matched,Time of the Gypsies,1988,48159,20123,,,,
matched,The Times of Harvey Milk,1984,52245,33138,,,,
matched,The Tin Drum,1979,45952,659,,,,
matched,Tin Soldier,2025,53845,977294,,,,
matched,Titicut Follies,1967,52157,41212,,,,
matched,To All the Boys I've Loved Before,2018,46178,466282,,,,
matched,To Be and to Have,2002,51973,5168,,,,
matched,To Be or Not to Be,1942,38733,198,,,,
matched,To Have and Have Not,1944,44740,22584,,,,
matched,To Kill a Mockingbird,1962,31282,595,,,,
matched,To Live and Die in L.A.,1985,43893,9846,,,,
matched,To Sleep with Anger,1990,53018,94725,,,,
matched,To the Devil a Daughter,1976,40987,40064,,,,
matched,Toby Dammit,1968,53022,1673140,,,,
matched,Tokyo Gore Police,2008,40210,16061,,,,
matched,Tokyo Olympiad,1965,43480,43618,,,,
matched,Tokyo Sonata,2008,43231,8937,,,,
matched,Tokyo Story,1953,31475,18148,,,,
matched,Tom Petty and the Heartbreakers: Runnin' Down a Dream,2007,45263,31147,,,,
matched,Tomboy,2011,41496,65229,,,,
matched,Tomorrow Is Another Day,1951,39263,29467,,,,
matched,Tomorrow Never Dies,1997,25695,714,,,,
matched,Tongues Untied,1989,52422,97049,,,,
matched,Tootsie,1982,42843,9576,,,,
matched,Top Gun,1986,28452,744,,,,
matched,Top Gun: Maverick,2022,28697,361743,,,,
matched,Top Hat,1935,42416,3080,,,,
matched,El Topo,1970,39094,13041,,,,
matched,Torso,1973,40571,31624,,,,
matched,The Torture Chamber of Dr. Sadism,1967,40445,12602,,,,
matched,Total Dhamaal,2019,29295,576121,,,,
matched,Touch of Evil,1958,38468,1480,,,,
matched,Tourist Family,2025,52828,1398359,,,,
matched,Toward the Terra,1980,39026,66628,,,,
matched,Tower,2016,52205,381028,,,,
matched,The Towering Inferno,1974,41655,5919,,,,
matched,Toy Story,1995,25231,862,,,,
matched,Toy Story 2,1999,25276,863,,,,
matched,Toy Story 3,2010,25232,10193,,,,
matched,Toy Story 4,2019,25234,301528,,,,
matched,Toys Are Not for Children,1972,37256,88368,,,,
matched,Trafficked,2017,37052,464733,,,,
matched,The Tragedy of Macbeth,2021,40394,591538,,,,
matched,The Train,1964,42187,3482,,,,
matched,Train Dreams,2025,52888,1241983,,,,
matched,Train to Busan,2016,42230,396535,,,,
matched,Trainspotting,1996,30636,627,,,,
matched,Transformers,2007,37360,1858,,,,
matched,Transformers One,2024,36971,698687,,,,
matched,Transformers: Age of Extinction,2014,31909,91314,,,,
matched,Transformers: Dark of the Moon,2011,37375,38356,,,,
matched,Transformers: Revenge of the Fallen,2009,37364,8373,,,,
matched,Transformers: The Last Knight,2017,37508,335988,,,,
matched,The Transgressor,1974,37122,39885,,,,
matched,Trap,2024,47052,1032823,,,,
matched,Trap House,2025,36619,628847,,,,
matched,The Travelling Players,1975,44436,689,,,,
matched,Treasure Island,1990,40241,26612,,,,
matched,The Treasure of the Sierra Madre,1948,31033,3090,,,,
matched,The Tree of Wooden Clogs,1978,45185,31542,,,,
matched,Triage,2009,40983,33195,,,,
matched,Triangle,2009,43849,26466,,,,
matched,Triangle of Sadness,2022,46969,497828,,,,
matched,The Trip,1973,38317,238143,,,,
matched,A Trip to the Moon,1902,41729,775,,,,
matched,Tristana,1970,42406,35838,,,,
matched,Triumph of the Will,1935,41449,39266,,,,
matched,Tropic Thunder,2008,42662,7446,,,,
matched,Trouble Every Day,2001,40950,40723,,,,
matched,Trouble in Paradise,1932,44139,195,,,,
matched,Troy,2004,29196,652,,,,
matched,Truck Stop Women,1974,35660,92722,,,,
matched,True Confessions,1981,53807,32077,,,,
matched,The True Story of the Nun of Monza,1980,37107,69570,,,,
matched,The Truman Show,1998,30819,37165,,,,
matched,Truth About Demons,2000,41825,15701,,,,
matched,The Truth About Women,1957,40570,281475,,,,
matched,Tuner,2026,30215,1340206,,,,
matched,The Turin Horse,2011,38941,81401,,,,
matched,Turkish Delight,1973,40261,21035,,,,
matched,Turning Red,2022,45639,508947,,,,
matched,Turtles Can Fly,2004,38689,8340,,,,
matched,Twenty Years Later,1984,52420,86320,,,,
matched,Twilight,2008,31621,8966,,,,
matched,The Twilight Saga: Breaking Dawn - Part 1,2011,31560,50619,,,,
matched,The Twilight Saga: Breaking Dawn - Part 2,2012,31511,50620,,,,
matched,The Twilight Saga: Eclipse,2010,31507,24021,,,,
matched,The Twilight Saga: New Moon,2009,31529,18239,,,,
matched,Twin Peaks: Fire Walk with Me,1992,38986,1923,,,,
matched,Twinless,2025,52861,1245347,,,,
matched,Twisted Nerve,1968,41179,56092,,,,
matched,Twisters,2024,40412,718821,,,,
matched,The Two Faces of Dr. Jekyll,1960,41303,3025,,,,
matched,The Two Jakes,1990,29528,32669,,,,
matched,Two-Lane Blacktop,1971,42233,27236,,,,
matched,Typhoon Noruda,2015,41556,358632,,,,
matched,"Ubalda, All Naked and Warm",1972,37183,121743,,,,
matched,Ugetsu,1953,38696,14696,,,,
matched,Ultraman: Rising,2024,45092,829402,,,,
matched,Ultraviolet,2006,44365,9920,,,,
matched,Umberto D.,1952,40792,833,,,,
matched,The Umbrellas of Cherbourg,1964,38623,5967,,,,
matched,Un Chien Andalou,1929,43263,626,,,,
matched,Un Flic,1972,42837,42741,,,,
matched,The Unbearable Weight of Massive Talent,2022,40645,648579,,,,
matched,Unbreakable,2000,39190,9741,,,,
matched,Uncharted,2022,44891,335787,,,,
matched,Uncut Gems,2019,44738,473033,,,,
matched,Under the Silver Lake,2018,45821,396461,,,,
matched,Under the Skin,2013,42194,97370,,,,
matched,Underground,1995,38663,11902,,,,
matched,Undertone,2026,30221,1480387,,,,
matched,Undisputed,2002,37710,15070,,,,
matched,Undisputed 2: Last Man Standing,2006,31906,15255,,,,
matched,Undisputed 4: Boyka,2016,37779,348893,,,,
matched,Undisputed III: Redemption,2010,37571,38234,,,,
matched,Unfaithful,2002,36805,2251,,,,
matched,Unfaithfully Yours,1948,40834,33115,,,,
matched,The Unforgivable,2021,36531,645886,,,,
matched,Unforgiven,1992,28987,33,,,,
matched,Unico in the Island of Magic,1983,48132,38565,,,,
matched,The Uninvited,1944,44358,16373,,,,
matched,The Unknown,1927,46473,27503,,,,
matched,The Untouchables,1987,54074,117,,,,
matched,Up,2009,29052,14160,,,,
matched,Up All Night: The Live Tour,2012,47975,111349,,,,
matched,Up in Smoke,1978,41743,11455,,,,
matched,Up!,1976,37255,5651,,,,
matched,Uptown Girls,2003,44514,14926,,,,
matched,Urotsukidōji II: Legend of the Demon Womb,1991,40487,48626,,,,
matched,Urotsukidōji: Legend of the Overfiend,1989,48154,48624,,,,
matched,Urusei Yatsura: Beautiful Dreamer,1984,47823,43967,,,,
matched,Urusei Yatsura: Lum the Forever,1986,41011,150026,,,,
matched,Urusei Yatsura: Only You,1983,48018,150023,,,,
matched,Urusei Yatsura: Remember My Love,1985,47779,150024,,,,
matched,Us,2019,31739,458723,,,,
matched,Us and Them,2018,38486,508747,,,,
matched,The Usual Suspects,1995,31093,629,,,,
matched,V for Vendetta,2006,31102,752,,,,
matched,Vada Chennai,2018,38257,410331,,,,
matched,Vampire Academy,2014,51698,203739,,,,
matched,Vampire Killer Barbys,1996,40631,195191,,,,
matched,Vampires,1998,46430,9945,,,,
matched,"The Vampires or, The Arch Criminals of Paris",1915,43875,29082,,,,
matched,Vampyr,1932,46920,779,,,,
matched,Vampyres,1974,43916,30885,,,,
matched,Vampyros Lesbos,1971,37220,17343,,,,
matched,The Van,1977,37162,31919,,,,
matched,Van Helsing,2004,55644,7131,,,,
matched,Varda by Agnès,2019,55900,554967,,,,
matched,The Vast of Night,2019,44749,565743,,,,
matched,Velvet Goldmine,1998,47505,1808,,,,
matched,The Velvet Queen,2021,52244,842356,,,,
matched,The Velvet Underground,2021,52006,543836,,,,
matched,The Vengeance of Fu Manchu,1967,40752,49183,,,,
matched,Venom,2018,24434,335983,,,,
matched,Venom: Let There Be Carnage,2021,24337,580489,,,,
matched,Venom: The Last Dance,2024,24233,912649,,,,
matched,Venus in Furs,1969,37164,28287,,,,
matched,Venus Wars,1989,48116,31769,,,,
matched,Vertigo,1958,28920,426,,,,
matched,Vice Squad,1982,41213,63460,,,,
matched,Videodrome,1983,52957,837,,,,
matched,A View to a Kill,1985,25816,707,,,,
matched,Viking Quest,2015,51690,317960,,,,
matched,Village of the Damned,1995,52940,12122,,,,
matched,Village of the Giants,1965,30482,42780,,,,
matched,Violence in a Women's Prison,1982,37133,28574,,,,
matched,The Violent Professionals,1973,40349,58080,,,,
matched,The Violent Years,1956,37192,56157,,,,
matched,Violet Evergarden: Recollections,2021,45166,1052946,,,,
matched,The Virgin Spring,1960,38494,11656,,,,
matched,The Virgin Suicides,2000,45027,1443,,,,
matched,Viridiana,1961,47356,4497,,,,
matched,Virunga,2014,52111,263614,,,,
matched,The Visitor,2008,43784,12473,,,,
matched,Vivre Sa Vie,1962,42257,1626,,,,
matched,Vixen!,1968,37213,5721,,,,
matched,Viy,1967,42076,57230,,,,
matched,The Voice of Hind Rajab,2025,38929,1480382,,,,
matched,Voicemails for Isabelle,2026,30577,614945,,,,
matched,Voices of a Distant Star,2002,44698,37910,,,,
matched,W.E.,2011,51920,80591,,,,
matched,Wacky Class Welcome,2004,29862,32333,,,,
matched,The Wages of Fear,1953,31007,204,,,,
matched,The Wailing,2016,46837,293670,,,,
matched,Wake in Fright,1971,41866,26405,,,,
matched,Wake Up Dead Man,2025,42273,812583,,,,
matched,Walkabout,1971,47089,36040,,,,
matched,Walking with Dinosaurs 3D,2013,41864,77951,,,,
matched,WALL·E,2008,30843,10681,,,,
matched,Waltz with Bashir,2008,52165,8885,,,,
matched,Wanda,1970,41430,80560,,,,
matched,The Wanderers,1979,41705,233,,,,
matched,War,2007,36968,10431,,,,
matched,War for the Planet of the Apes,2017,41216,281338,,,,
matched,The War Game,1966,42050,26508,,,,
matched,The War of the Robots,1978,36945,113105,,,,
matched,The War with Grandpa,2020,53863,425001,,,,
matched,The Ward,2010,52948,45657,,,,
matched,Warrior,2011,29078,59440,,,,
matched,Warrior Queen,1987,42614,30484,,,,
matched,The Warriors,1955,40904,75796,,,,
matched,The Wasp,2024,51941,1019404,,,,
matched,Watcher,2022,44125,807356,,,,
matched,The Watcher in the Woods,1980,41391,21970,,,,
matched,Water Lilies,2007,46652,10818,,,,
matched,Waterloo Bridge,1931,47062,95797,,,,
matched,The Wave,1936,39262,195522,,,,
matched,Wavelength,1967,44277,88421,,,,
matched,Way Down East,1920,47043,31509,,,,
matched,We All Loved Each Other So Much,1974,38959,42269,,,,
matched,We Live in Time,2024,44243,1100099,,,,
matched,We're the Millers,2013,46682,138832,,,,
matched,Weapons,2025,30418,1078605,,,,
matched,The Wedding Party,1969,53773,74137,,,,
matched,The Wedding Year,2019,36789,521844,,,,
matched,Week-end,1967,46943,651058,,,,
matched,The Weeknd: Live at SoFi Stadium,2023,48163,1081789,,,,
matched,Welcome to Chechnya,2020,52113,653579,,,,
matched,Welcome to the Space Show,2010,48103,61591,,,,
matched,Wendigo,2001,40461,44340,,,,
matched,Werckmeister Harmonies,2000,38994,23160,,,,
matched,Werewolf by Night,2022,24291,894205,,,,
matched,Werewolf Woman,1976,37309,92751,,,,
matched,West Side Story,1961,41929,1725,,,,
matched,West Side Story,2021,42105,511809,,,,
matched,The Whale,2022,43242,785084,,,,
matched,What Ever Happened to Baby Jane?,1962,38454,10242,,,,
matched,What Just Happened,2008,53848,8944,,,,
matched,"What's Up, Doc?",1972,47188,6949,,,,
matched,The Wheel,1923,44711,50182,,,,
matched,When Harry Met Sally...,1989,44394,639,,,,
matched,When We Were Kings,1996,52031,10548,,,,
matched,Where Is The Friend's House?,1987,38354,49964,,,,
matched,Where the Light Is: John Mayer Live in Concert,2008,47916,20313,,,,
matched,Where's Poppa?,1970,52950,42569,,,,
matched,The Whip and the Body,1963,40755,27636,,,,
matched,Whiplash,2014,29131,244786,,,,
matched,Whisky Galore!,1949,46796,16665,,,,
matched,Whistle and I'll Come to You,1968,44658,292523,,,,
matched,White Cannibal Queen,1980,45028,104973,,,,
matched,White Chicks,2004,46103,12153,,,,
matched,The White Diamond,2004,52115,23965,,,,
matched,White Dog,1982,47391,47955,,,,
matched,White Heat,1949,42428,15794,,,,
matched,White of the Eye,1987,47381,33592,,,,
matched,The White Ribbon,2009,38809,37903,,,,
matched,The White Tiger,2021,43485,628534,,,,
matched,Whitmer Thomas: The Golden One,2020,40971,675929,,,,
matched,Who Killed Captain Alex?,2010,38478,316776,,,,
matched,Who's Afraid of Virginia Woolf?,1966,38761,396,,,,
matched,Wicked,2024,42167,402431,,,,
matched,Wicked: For Good,2025,45767,967941,,,,
matched,Wicked: One Wonderful Night,2025,47998,1479945,,,,
matched,The Wicker Man,1973,45159,16307,,,,
matched,The Wicker Tree,2011,41674,79544,,,,
matched,The Wild Bunch,1969,39311,576,,,,
matched,The Wild Robot,2024,30676,1184918,,,,
matched,Wild Strawberries,1957,31300,614,,,,
matched,Wild Tales,2014,30985,265195,,,,
matched,Wild Women,1951,37139,89537,,,,
matched,Will & Harper,2024,55898,1214506,,,,
matched,Willard,1971,41824,42532,,,,
matched,Willow,1988,28738,847,,,,
matched,Willy Wonka & the Chocolate Factory,1971,39315,252,,,,
matched,Winchester '73,1950,44272,14551,,,,
matched,Wing Chun,1994,43836,25645,,,,
matched,Wings of Desire,1987,38963,144,,,,
matched,The Winslow Boy,1948,41465,77822,,,,
matched,Winter Light,1963,47912,29455,,,,
matched,Winter on Fire: Ukraine's Fight for Freedom,2015,52122,355020,,,,
matched,Winter Sleep,2014,38762,265169,,,,
matched,The Witch,2015,44321,310131,,,,
matched,The Witch Who Came from the Sea,1976,44153,54109,,,,
matched,Witches,2024,52209,1276031,,,,
matched,Witchfinder General,1968,40490,31965,,,,
matched,Within Our Gates,1920,40556,77621,,,,
matched,Witness for the Prosecution,1957,28924,37257,,,,
matched,The Wizard of Oz,1939,28871,630,,,,
matched,Wolf Children,2012,47966,110420,,,,
matched,The Wolf House,2018,38466,499537,,,,
matched,The Wolf Man,1941,43123,13666,,,,
matched,The Wolf of Wall Street,2013,31620,106646,,,,
matched,Wolfwalkers,2020,38769,441130,,,,
matched,The Wolverine,2013,25153,76170,,,,
matched,The Woman in Black,1989,45458,16182,,,,
matched,Woman in Chains,1968,39199,70496,,,,
matched,Woman in the Dunes,1964,38261,16672,,,,
matched,A Woman Under the Influence,1974,38777,29845,,,,
matched,A Woman's Face,1938,39260,76848,,,,
matched,Women in Cages,1971,37118,34462,,,,
matched,Women in Cell Block 7,1973,37163,81541,,,,
matched,Women in Love,1969,41485,66027,,,,
matched,Women's Prison Massacre,1983,36385,45233,,,,
matched,Won't You Be My Neighbor?,2018,52362,490003,,,,
matched,Wonder,2017,47398,406997,,,,
matched,Wonder Woman,2009,28150,15359,,,,
matched,Wonder Woman,2017,37386,297762,,,,
matched,Wonder Woman 1984,2020,36755,464052,,,,
matched,Wonder Woman: Bloodlines,2019,28241,537055,,,,
matched,Wonder Women,1973,37179,116445,,,,
matched,Wonka,2023,44029,787699,,,,
matched,Woodlands Dark and Days Bewitched: A History of Folk Horror,2021,52204,614637,,,,
matched,Woodstock,1970,47879,9459,,,,
matched,The Working Girls,1974,37311,62610,,,,
matched,The World Is Not Enough,1999,25755,36643,,,,
matched,The World of Apu,1959,38779,896,,,,
matched,World War Z,2013,45900,72190,,,,
matched,The Worst Person in the World,2021,44571,660120,,,,
matched,WR: Mysteries of the Organism,1971,42941,42529,,,,
matched,Wreck-It Ralph,2012,43544,82690,,,,
matched,Written on the Wind,1956,46835,69605,,,,
matched,Wrong Is Right,1982,53695,31661,,,,
matched,The Wrong Man,1956,40580,22527,,,,
matched,Wrong Turn,2003,37776,9902,,,,
matched,Wrong Turn 2: Dead End,2007,37098,13186,,,,
matched,Wrong Turn 3: Left for Dead,2009,37486,23823,,,,
matched,Wrong Turn 4: Bloody Beginnings,2011,37494,71672,,,,
matched,Wrong Turn 5: Bloodlines,2012,37516,125509,,,,
matched,Wrong Turn 6: Last Resort,2014,37722,259072,,,,
matched,Wuthering Heights,1939,43161,3084,,,,
matched,Wuthering Heights,2026,43426,1316092,,,,
matched,X,2022,47292,760104,,,,
matched,X-Cross,2007,40278,13828,,,,
matched,X-Men,2000,25037,36657,,,,
matched,X-Men Origins: Wolverine,2009,24867,2080,,,,
matched,X-Men: Apocalypse,2016,24924,246655,,,,
matched,X-Men: Dark Phoenix,2019,24367,320288,,,,
matched,X-Men: Days of Future Past,2014,25012,127585,,,,
matched,X-Men: First Class,2011,24803,49538,,,,
matched,X-Men: The Last Stand,2006,25048,36668,,,,
matched,X: The Movie,1996,47930,44587,,,,
matched,X2: X-Men United,2003,24830,36658,,,,
matched,xXx,2002,37515,7451,,,,
matched,xXx: Return of Xander Cage,2017,36838,47971,,,,
matched,xXx: State of the Union,2005,37496,11679,,,,
matched,Y Tu Mamá También,2001,38788,1391,,,,
matched,Yankee Doodle Dandy,1942,44890,3087,,,,
matched,Year of the Dragon,1985,40916,11018,,,,
matched,The Yellow Sea,2010,43957,57361,,,,
matched,Yi Yi,2000,38264,25538,,,,
matched,Yojimbo,1961,31204,11878,,,,
matched,You Only Live Twice,1967,25766,667,,,,
matched,You Were Never Really Here,2017,45901,398181,,,,
matched,The Young and the Damned,1950,38993,800,,,,
matched,Young Frankenstein,1974,45841,3034,,,,
matched,The Young Girls of Rochefort,1967,38310,2433,,,,
matched,The Young One,1960,31908,35030,,,,
matched,Your Heart Will Be Broken,2026,32012,1523145,,,,
matched,Your Vice Is a Locked Room and Only I Have the Key,1972,40749,69872,,,,
matched,Yu-Gi-Oh! Bonds Beyond Time,2010,47393,72013,,,,
matched,Yu-Gi-Oh!: The Movie,2004,48064,11052,,,,
matched,Yuki,1981,38355,315539,,,,
matched,Yung Lean: In My Head,2020,52016,680317,,,,
matched,Z,1969,38821,2721,,,,
matched,Z for Zachariah,2015,51338,193687,,,,
matched,Zabriskie Point,1970,44260,2998,,,,
matched,Zakir Khan: Tathastu,2022,47671,1054569,,,,
matched,Zardoz,1974,53734,4923,,,,
matched,Zatoichi and the Chess Expert,1965,22042,54275,,,,
matched,Zatoichi and the Chest of Gold,1964,22046,40897,,,,
matched,Zatoichi and the Doomed Man,1965,25321,54274,,,,
matched,Zatoichi and the Fugitives,1968,25320,54280,,,,
matched,Zatoichi at Large,1972,25345,54284,,,,
matched,Zatoichi Challenged,1967,22039,54279,,,,
matched,Zatoichi Goes to the Fire Festival,1970,22038,54283,,,,
matched,Zatoichi in Desperation,1972,22037,54306,,,,
matched,Zatoichi Meets the One-Armed Swordsman,1971,22047,24444,,,,
matched,Zatoichi Meets Yojimbo,1970,22045,42601,,,,
matched,Zatoichi on the Road,1963,25372,18624,,,,
matched,Zatoichi the Fugitive,1963,25373,18511,,,,
matched,Zatoichi the Outlaw,1967,22041,54278,,,,
matched,Zatoichi: Darkness Is His Ally,1989,22044,40644,,,,
matched,Zatoichi's Cane Sword,1967,22040,54277,,,,
matched,Zatoichi's Conspiracy,1973,22036,54307,,,,
matched,Zatoichi's Flashing Sword,1964,25371,54265,,,,
matched,Zatoichi's Pilgrimage,1966,25330,54276,,,,
matched,Zatoichi's Revenge,1965,25349,54273,,,,
matched,Zatoichi's Vengeance,1966,21434,21410,,,,
matched,Zero for Conduct,1933,43363,44494,,,,
matched,Ziggy Stardust and the Spiders from Mars,1983,48120,34759,,,,
matched,Zodiac,2007,41592,1949,,,,
matched,Zombieland,2009,47198,19908,,,,
matched,Zombieland: Double Tap,2019,51453,338967,,,,
matched,The Zone of Interest,2023,37004,467244,,,,
matched,Zoolander,2001,39754,9398,,,,
matched,Zootopia,2016,43005,269149,,,,
matched,Zootopia 2,2025,47585,1084242,,,,
